profile,step,action,correct,response_time,skill,recent_accuracy,confidence,blend_weight,reward,q_before,q_after,p_stat,p_rl,hybrid_policy,reward_components
struggling,0,EASY,True,4.41,0.5134,1.0,0.15,0.15,1.1822,0.0,0.1773,"{""EASY"": 0.4266, ""MEDIUM"": 0.4754, ""HARD"": 0.098}","{""EASY"": 0.8333, ""MEDIUM"": 0.0833, ""HARD"": 0.0833}","{""EASY"": 0.4876, ""MEDIUM"": 0.4166, ""HARD"": 0.0958}","{""r_acc"": 1.0, ""r_time"": 0.15, ""r_prog"": 0.0, ""r_mom"": 0.032151273753163435, ""total"": 1.1821512737531634}"
struggling,1,EASY,False,12.91,0.4764,0.5,0.2018,0.1552,-0.35,0.0,-0.0525,"{""EASY"": 0.5855, ""MEDIUM"": 0.3074, ""HARD"": 0.1071}","{""EASY"": 0.8383, ""MEDIUM"": 0.0808, ""HARD"": 0.0808}","{""EASY"": 0.6248, ""MEDIUM"": 0.2722, ""HARD"": 0.103}","{""r_acc"": -0.5, ""r_time"": 0.15, ""r_prog"": 0.0, ""r_mom"": 0.0, ""total"": -0.35}"
struggling,2,MEDIUM,False,4.42,0.453,0.3333,0.2728,0.1641,-0.2808,0.0,-0.0421,"{""EASY"": 0.6006, ""MEDIUM"": 0.3037, ""HARD"": 0.0957}","{""EASY"": 0.8432, ""MEDIUM"": 0.0784, ""HARD"": 0.0784}","{""EASY"": 0.6404, ""MEDIUM"": 0.2667, ""HARD"": 0.0929}","{""r_acc"": -0.5, ""r_time"": 0.2191966795900122, ""r_prog"": 0.0, ""r_mom"": 0.0, ""total"": -0.2808033204099878}"
struggling,3,MEDIUM,False,13.88,0.4314,0.25,0.3738,0.1786,-0.4519,0.0,-0.0678,"{""EASY"": 0.4469, ""MEDIUM"": 0.4692, ""HARD"": 0.0839}","{""EASY"": 0.8479, ""MEDIUM"": 0.0761, ""HARD"": 0.0761}","{""EASY"": 0.5186, ""MEDIUM"": 0.399, ""HARD"": 0.0825}","{""r_acc"": -0.5, ""r_time"": 0.04808117507542767, ""r_prog"": 0.0, ""r_mom"": 0.0, ""total"": -0.45191882492457236}"
struggling,4,MEDIUM,True,9.75,0.4605,0.4,0.3729,0.2023,1.2681,0.0,0.1902,"{""EASY"": 0.4564, ""MEDIUM"": 0.4657, ""HARD"": 0.0779}","{""EASY"": 0.8525, ""MEDIUM"": 0.0738, ""HARD"": 0.0738}","{""EASY"": 0.5366, ""MEDIUM"": 0.3864, ""HARD"": 0.077}","{""r_acc"": 1.0, ""r_time"": 0.13596538496759852, ""r_prog"": 0.1, ""r_mom"": 0.032151273753163435, ""total"": 1.2681166587207622}"
struggling,5,EASY,False,11.28,0.426,0.2,0.5443,0.2153,-0.3901,0.0,-0.0585,"{""EASY"": 0.5447, ""MEDIUM"": 0.3497, ""HARD"": 0.1056}","{""EASY"": 0.8569, ""MEDIUM"": 0.0716, ""HARD"": 0.0716}","{""EASY"": 0.6119, ""MEDIUM"": 0.2899, ""HARD"": 0.0983}","{""r_acc"": -0.5, ""r_time"": 0.1099463616228895, ""r_prog"": 0.0, ""r_mom"": 0.0, ""total"": -0.3900536383771105}"
struggling,6,MEDIUM,False,9.17,0.4064,0.2,0.594,0.2643,-0.3446,0.0,-0.0517,"{""EASY"": 0.6222, ""MEDIUM"": 0.2962, ""HARD"": 0.0816}","{""EASY"": 0.8612, ""MEDIUM"": 0.0694, ""HARD"": 0.0694}","{""EASY"": 0.6853, ""MEDIUM"": 0.2363, ""HARD"": 0.0784}","{""r_acc"": -0.5, ""r_time"": 0.15535045128774608, ""r_prog"": 0.0, ""r_mom"": 0.0, ""total"": -0.34464954871225395}"
struggling,7,EASY,False,13.87,0.3754,0.2,0.6737,0.2955,-0.4346,0.0,-0.0652,"{""EASY"": 0.4675, ""MEDIUM"": 0.4612, ""HARD"": 0.0713}","{""EASY"": 0.8653, ""MEDIUM"": 0.0673, ""HARD"": 0.0673}","{""EASY"": 0.5851, ""MEDIUM"": 0.3448, ""HARD"": 0.0701}","{""r_acc"": -0.5, ""r_time"": 0.06537211226506148, ""r_prog"": 0.0, ""r_mom"": 0.0, ""total"": -0.43462788773493854}"
struggling,8,EASY,True,12.03,0.3934,0.4,0.6321,0.3386,1.1402,0.0,0.171,"{""EASY"": 0.6452, ""MEDIUM"": 0.2859, ""HARD"": 0.0689}","{""EASY"": 0.8694, ""MEDIUM"": 0.0653, ""HARD"": 0.0653}","{""EASY"": 0.7211, ""MEDIUM"": 0.2112, ""HARD"": 0.0677}","{""r_acc"": 1.0, ""r_time"": 0.10799889735013608, ""r_prog"": 0.0, ""r_mom"": 0.032151273753163435, ""total"": 1.1401501711032995}"
struggling,9,EASY,False,13.22,0.3634,0.2,0.7804,0.3491,-0.412,0.0,-0.0618,"{""EASY"": 0.6369, ""MEDIUM"": 0.2899, ""HARD"": 0.0733}","{""EASY"": 0.8733, ""MEDIUM"": 0.0634, ""HARD"": 0.0634}","{""EASY"": 0.7194, ""MEDIUM"": 0.2108, ""HARD"": 0.0698}","{""r_acc"": -0.5, ""r_time"": 0.08803332088782458, ""r_prog"": 0.0, ""r_mom"": 0.0, ""total"": -0.41196667911217544}"
struggling,10,EASY,False,13.56,0.3357,0.2,0.7802,0.4231,-0.4135,0.0,-0.062,"{""EASY"": 0.6383, ""MEDIUM"": 0.2932, ""HARD"": 0.0685}","{""EASY"": 0.8771, ""MEDIUM"": 0.0615, ""HARD"": 0.0615}","{""EASY"": 0.7393, ""MEDIUM"": 0.1951, ""HARD"": 0.0655}","{""r_acc"": -0.5, ""r_time"": 0.08653731844928542, ""r_prog"": 0.0, ""r_mom"": 0.0, ""total"": -0.4134626815507146}"
struggling,11,HARD,False,10.24,0.3329,0.2,0.7869,0.4504,-0.3381,0.0,-0.0507,"{""EASY"": 0.6527, ""MEDIUM"": 0.2852, ""HARD"": 0.062}","{""EASY"": 0.0596, ""MEDIUM"": 0.0596, ""HARD"": 0.8808}","{""EASY"": 0.3856, ""MEDIUM"": 0.1836, ""HARD"": 0.4308}","{""r_acc"": -0.5, ""r_time"": 0.16187298583436863, ""r_prog"": 0.0, ""r_mom"": 0.0, ""total"": -0.3381270141656314}"
struggling,12,HARD,False,16.86,0.3301,0.2,0.775,0.4805,-0.4612,0.0,-0.0692,"{""EASY"": 0.4685, ""MEDIUM"": 0.2347, ""HARD"": 0.2968}","{""EASY"": 0.8844, ""MEDIUM"": 0.0578, ""HARD"": 0.0578}","{""EASY"": 0.6683, ""MEDIUM"": 0.1497, ""HARD"": 0.182}","{""r_acc"": -0.5, ""r_time"": 0.03880935529423944, ""r_prog"": 0.0, ""r_mom"": 0.0, ""total"": -0.46119064470576054}"
struggling,13,EASY,True,6.55,0.3493,0.2,0.7505,0.5026,1.2694,0.0,0.1904,"{""EASY"": 0.4698, ""MEDIUM"": 0.2338, ""HARD"": 0.2964}","{""EASY"": 0.8878, ""MEDIUM"": 0.0561, ""HARD"": 0.0561}","{""EASY"": 0.6799, ""MEDIUM"": 0.1445, ""HARD"": 0.1756}","{""r_acc"": 1.0, ""r_time"": 0.23727532092827455, ""r_prog"": 0.0, ""r_mom"": 0.032151273753163435, ""total"": 1.269426594681438}"
struggling,14,EASY,False,11.13,0.3228,0.2,0.7491,0.5177,-0.3556,0.0,-0.0533,"{""EASY"": 0.6577, ""MEDIUM"": 0.2794, ""HARD"": 0.0629}","{""EASY"": 0.8912, ""MEDIUM"": 0.0544, ""HARD"": 0.0544}","{""EASY"": 0.7786, ""MEDIUM"": 0.1629, ""HARD"": 0.0585}","{""r_acc"": -0.5, ""r_time"": 0.14438467856434065, ""r_prog"": 0.0, ""r_mom"": 0.0, ""total"": -0.3556153214356593}"
struggling,15,EASY,False,11.12,0.2987,0.2,0.7489,0.5433,-0.3551,0.0,-0.0533,"{""EASY"": 0.6708, ""MEDIUM"": 0.272, ""HARD"": 0.0572}","{""EASY"": 0.8945, ""MEDIUM"": 0.0528, ""HARD"": 0.0528}","{""EASY"": 0.7923, ""MEDIUM"": 0.1529, ""HARD"": 0.0548}","{""r_acc"": -0.5, ""r_time"": 0.14491041592246587, ""r_prog"": 0.0, ""r_mom"": 0.0, ""total"": -0.3550895840775341}"
struggling,16,EASY,False,8.41,0.2767,0.2,0.7436,0.5694,-0.2967,-0.0533,-0.0898,"{""EASY"": 0.6729, ""MEDIUM"": 0.2731, ""HARD"": 0.054}","{""EASY"": 0.0512, ""MEDIUM"": 0.8976, ""HARD"": 0.0512}","{""EASY"": 0.3189, ""MEDIUM"": 0.6287, ""HARD"": 0.0524}","{""r_acc"": -0.5, ""r_time"": 0.20327825792128285, ""r_prog"": 0.0, ""r_mom"": 0.0, ""total"": -0.29672174207871715}"
struggling,17,EASY,False,9.74,0.2568,0.2,0.7709,0.5924,-0.3271,0.0,-0.0491,"{""EASY"": 0.6853, ""MEDIUM"": 0.2652, ""HARD"": 0.0495}","{""EASY"": 0.9007, ""MEDIUM"": 0.0497, ""HARD"": 0.0497}","{""EASY"": 0.8129, ""MEDIUM"": 0.1375, ""HARD"": 0.0496}","{""r_acc"": -0.5, ""r_time"": 0.17287265674256977, ""r_prog"": 0.0, ""r_mom"": 0.0, ""total"": -0.3271273432574302}"
struggling,18,EASY,False,11.13,0.2387,0.0,0.9789,0.6357,-0.3602,-0.0898,-0.1303,"{""EASY"": 0.6969, ""MEDIUM"": 0.2575, ""HARD"": 0.0456}","{""EASY"": 0.0482, ""MEDIUM"": 0.9037, ""HARD"": 0.0482}","{""EASY"": 0.2845, ""MEDIUM"": 0.6682, ""HARD"": 0.0472}","{""r_acc"": -0.5, ""r_time"": 0.139819541210844, ""r_prog"": 0.0, ""r_mom"": 0.0, ""total"": -0.360180458789156}"
struggling,19,MEDIUM,False,15.12,0.2322,0.0,0.9595,0.8,-0.4409,0.0,-0.0661,"{""EASY"": 0.7077, ""MEDIUM"": 0.25, ""HARD"": 0.0422}","{""EASY"": 0.0467, ""MEDIUM"": 0.9066, ""HARD"": 0.0467}","{""EASY"": 0.1789, ""MEDIUM"": 0.7753, ""HARD"": 0.0458}","{""r_acc"": -0.5, ""r_time"": 0.05906533331042349, ""r_prog"": 0.0, ""r_mom"": 0.0, ""total"": -0.4409346666895765}"
struggling,20,MEDIUM,False,14.32,0.226,0.0,0.9559,0.8,-0.4226,0.0,-0.0634,"{""EASY"": 0.5485, ""MEDIUM"": 0.4163, ""HARD"": 0.0352}","{""EASY"": 0.0453, ""MEDIUM"": 0.9094, ""HARD"": 0.0453}","{""EASY"": 0.146, ""MEDIUM"": 0.8108, ""HARD"": 0.0433}","{""r_acc"": -0.5, ""r_time"": 0.07740667341080926, ""r_prog"": 0.0, ""r_mom"": 0.0, ""total"": -0.42259332658919074}"
struggling,21,HARD,False,14.38,0.2251,0.0,0.9674,0.8,-0.4207,-0.0507,-0.1131,"{""EASY"": 0.5515, ""MEDIUM"": 0.4143, ""HARD"": 0.0341}","{""EASY"": 0.044, ""MEDIUM"": 0.044, ""HARD"": 0.9121}","{""EASY"": 0.1455, ""MEDIUM"": 0.118, ""HARD"": 0.7365}","{""r_acc"": -0.5, ""r_time"": 0.0793032119968868, ""r_prog"": 0.0, ""r_mom"": 0.0, ""total"": -0.4206967880031132}"
struggling,22,EASY,False,9.33,0.2101,0.0,0.9652,0.8,-0.3063,-0.062,-0.0987,"{""EASY"": 0.5202, ""MEDIUM"": 0.1969, ""HARD"": 0.283}","{""EASY"": 0.9147, ""MEDIUM"": 0.0426, ""HARD"": 0.0426}","{""EASY"": 0.8358, ""MEDIUM"": 0.0735, ""HARD"": 0.0907}","{""r_acc"": -0.5, ""r_time"": 0.19372822347690513, ""r_prog"": 0.0, ""r_mom"": 0.0, ""total"": -0.3062717765230949}"
struggling,23,MEDIUM,False,3.96,0.2051,0.0,0.9253,0.8,-0.2278,0.0,-0.0342,"{""EASY"": 0.7329, ""MEDIUM"": 0.2311, ""HARD"": 0.0361}","{""EASY"": 0.9173, ""MEDIUM"": 0.0414, ""HARD"": 0.0414}","{""EASY"": 0.8804, ""MEDIUM"": 0.0793, ""HARD"": 0.0403}","{""r_acc"": -0.5, ""r_time"": 0.272229756530008, ""r_prog"": 0.0, ""r_mom"": 0.0, ""total"": -0.22777024346999197}"
struggling,24,EASY,True,6.58,0.2249,0.2,0.7226,0.7977,1.2657,0.0,0.1899,"{""EASY"": 0.5619, ""MEDIUM"": 0.4073, ""HARD"": 0.0308}","{""EASY"": 0.9198, ""MEDIUM"": 0.0401, ""HARD"": 0.0401}","{""EASY"": 0.8474, ""MEDIUM"": 0.1144, ""HARD"": 0.0382}","{""r_acc"": 1.0, ""r_time"": 0.2335840567490528, ""r_prog"": 0.0, ""r_mom"": 0.032151273753163435, ""total"": 1.2657353305022163}"
struggling,25,HARD,False,8.06,0.224,0.2,0.7263,0.6558,-0.2953,0.0,-0.0443,"{""EASY"": 0.7241, ""MEDIUM"": 0.2373, ""HARD"": 0.0386}","{""EASY"": 0.0389, ""MEDIUM"": 0.0389, ""HARD"": 0.9222}","{""EASY"": 0.2747, ""MEDIUM"": 0.1072, ""HARD"": 0.6181}","{""r_acc"": -0.5, ""r_time"": 0.2046620678150522, ""r_prog"": 0.0, ""r_mom"": 0.0, ""total"": -0.2953379321849478}"
struggling,26,HARD,False,7.69,0.223,0.2,0.7572,0.6584,-0.2898,0.0,-0.0435,"{""EASY"": 0.5207, ""MEDIUM"": 0.1964, ""HARD"": 0.2829}","{""EASY"": 0.0377, ""MEDIUM"": 0.0377, ""HARD"": 0.9245}","{""EASY"": 0.2027, ""MEDIUM"": 0.0919, ""HARD"": 0.7053}","{""r_acc"": -0.5, ""r_time"": 0.21016689642981598, ""r_prog"": 0.0, ""r_mom"": 0.0, ""total"": -0.289833103570184}"
struggling,27,EASY,False,14.16,0.2082,0.2,0.725,0.6801,-0.4241,0.0,-0.0636,"{""EASY"": 0.5212, ""MEDIUM"": 0.196, ""HARD"": 0.2828}","{""EASY"": 0.9268, ""MEDIUM"": 0.0366, ""HARD"": 0.0366}","{""EASY"": 0.797, ""MEDIUM"": 0.0876, ""HARD"": 0.1154}","{""r_acc"": -0.5, ""r_time"": 0.07587831966056109, ""r_prog"": 0.0, ""r_mom"": 0.0, ""total"": -0.4241216803394389}"
struggling,28,EASY,False,15.15,0.1948,0.2,0.7387,0.6575,-0.4373,0.0,-0.0656,"{""EASY"": 0.734, ""MEDIUM"": 0.2302, ""HARD"": 0.0358}","{""EASY"": 0.929, ""MEDIUM"": 0.0355, ""HARD"": 0.0355}","{""EASY"": 0.8622, ""MEDIUM"": 0.1022, ""HARD"": 0.0356}","{""r_acc"": -0.5, ""r_time"": 0.06266073968279895, ""r_prog"": 0.0, ""r_mom"": 0.0, ""total"": -0.43733926031720105}"
struggling,29,EASY,True,6.96,0.2144,0.2,0.7407,0.6671,1.2576,-0.0656,0.1329,"{""EASY"": 0.7422, ""MEDIUM"": 0.2243, ""HARD"": 0.0336}","{""EASY"": 0.0345, ""MEDIUM"": 0.0345, ""HARD"": 0.9311}","{""EASY"": 0.2701, ""MEDIUM"": 0.0976, ""HARD"": 0.6323}","{""r_acc"": 1.0, ""r_time"": 0.22541836540001353, ""r_prog"": 0.0, ""r_mom"": 0.032151273753163435, ""total"": 1.257569639153177}"
struggling,30,EASY,False,15.97,0.2004,0.2,0.7437,0.6685,-0.4471,0.0,-0.0491,"{""EASY"": 0.7228, ""MEDIUM"": 0.2394, ""HARD"": 0.0378}","{""EASY"": 0.9332, ""MEDIUM"": 0.0334, ""HARD"": 0.0334}","{""EASY"": 0.8634, ""MEDIUM"": 0.1017, ""HARD"": 0.0349}","{""r_acc"": -0.5, ""r_time"": 0.05288019039225215, ""r_prog"": 0.0, ""r_mom"": 0.0, ""total"": -0.44711980960774783}"
struggling,31,EASY,False,7.21,0.1877,0.2,0.7413,0.6706,-0.2793,0.1329,0.071,"{""EASY"": 0.7317, ""MEDIUM"": 0.2329, ""HARD"": 0.0354}","{""EASY"": 0.9352, ""MEDIUM"": 0.0324, ""HARD"": 0.0324}","{""EASY"": 0.8681, ""MEDIUM"": 0.0985, ""HARD"": 0.0334}","{""r_acc"": -0.5, ""r_time"": 0.22066747513378288, ""r_prog"": 0.0, ""r_mom"": 0.0, ""total"": -0.2793325248662171}"
struggling,32,HARD,False,5.33,0.1872,0.2,0.7193,0.6689,-0.2537,0.0,-0.0381,"{""EASY"": 0.74, ""MEDIUM"": 0.2268, ""HARD"": 0.0333}","{""EASY"": 0.0314, ""MEDIUM"": 0.0314, ""HARD"": 0.9371}","{""EASY"": 0.266, ""MEDIUM"": 0.0961, ""HARD"": 0.6379}","{""r_acc"": -0.5, ""r_time"": 0.24629174504000684, ""r_prog"": 0.0, ""r_mom"": 0.0, ""total"": -0.25370825495999316}"
struggling,33,MEDIUM,True,10.82,0.2151,0.4,0.6298,0.6535,1.2764,0.0,0.1915,"{""EASY"": 0.54, ""MEDIUM"": 0.1811, ""HARD"": 0.2789}","{""EASY"": 0.0305, ""MEDIUM"": 0.939, ""HARD"": 0.0305}","{""EASY"": 0.2071, ""MEDIUM"": 0.6764, ""HARD"": 0.1166}","{""r_acc"": 1.0, ""r_time"": 0.14420252758348384, ""r_prog"": 0.1, ""r_mom"": 0.032151273753163435, ""total"": 1.2763538013366476}"
struggling,34,EASY,False,12.14,0.201,0.2,0.7353,0.5909,-0.383,0.0,-0.0664,"{""EASY"": 0.5569, ""MEDIUM"": 0.4107, ""HARD"": 0.0324}","{""EASY"": 0.9408, ""MEDIUM"": 0.0296, ""HARD"": 0.0296}","{""EASY"": 0.7838, ""MEDIUM"": 0.1855, ""HARD"": 0.0307}","{""r_acc"": -0.5, ""r_time"": 0.11695122079367878, ""r_prog"": 0.0, ""r_mom"": 0.0, ""total"": -0.3830487792063212}"
struggling,35,MEDIUM,False,8.74,0.1965,0.2,0.7529,0.6647,-0.3112,-0.0661,-0.1118,"{""EASY"": 0.7383, ""MEDIUM"": 0.2271, ""HARD"": 0.0346}","{""EASY"": 0.0287, ""MEDIUM"": 0.9426, ""HARD"": 0.0287}","{""EASY"": 0.2666, ""MEDIUM"": 0.7027, ""HARD"": 0.0307}","{""r_acc"": -0.5, ""r_time"": 0.18878444513766868, ""r_prog"": 0.0, ""r_mom"": 0.0, ""total"": -0.3112155548623313}"
struggling,36,HARD,False,11.5,0.1958,0.2,0.7572,0.677,-0.3706,-0.0692,-0.1237,"{""EASY"": 0.5662, ""MEDIUM"": 0.4044, ""HARD"": 0.0294}","{""EASY"": 0.0278, ""MEDIUM"": 0.0278, ""HARD"": 0.9443}","{""EASY"": 0.2017, ""MEDIUM"": 0.1495, ""HARD"": 0.6488}","{""r_acc"": -0.5, ""r_time"": 0.129380671371914, ""r_prog"": 0.0, ""r_mom"": 0.0, ""total"": -0.370619328628086}"
struggling,37,MEDIUM,False,11.45,0.1916,0.2,0.7866,0.68,-0.3691,-0.1118,-0.1655,"{""EASY"": 0.5354, ""MEDIUM"": 0.1848, ""HARD"": 0.2798}","{""EASY"": 0.027, ""MEDIUM"": 0.946, ""HARD"": 0.027}","{""EASY"": 0.1897, ""MEDIUM"": 0.7024, ""HARD"": 0.1079}","{""r_acc"": -0.5, ""r_time"": 0.1309243986267402, ""r_prog"": 0.0, ""r_mom"": 0.0, ""total"": -0.3690756013732598}"
struggling,38,HARD,False,8.5,0.1909,0.0,0.9708,0.7006,-0.3049,-0.1237,-0.1253,"{""EASY"": 0.5687, ""MEDIUM"": 0.4026, ""HARD"": 0.0287}","{""EASY"": 0.0262, ""MEDIUM"": 0.0262, ""HARD"": 0.9476}","{""EASY"": 0.1886, ""MEDIUM"": 0.1389, ""HARD"": 0.6725}","{""r_acc"": -0.5, ""r_time"": 0.1951008965774992, ""r_prog"": 0.0, ""r_mom"": 0.0, ""total"": -0.3048991034225008}"
struggling,39,EASY,False,15.72,0.1792,0.0,0.9534,0.8,-0.4472,0.1899,0.0857,"{""EASY"": 0.538, ""MEDIUM"": 0.1827, ""HARD"": 0.2793}","{""EASY"": 0.9492, ""MEDIUM"": 0.0254, ""HARD"": 0.0254}","{""EASY"": 0.867, ""MEDIUM"": 0.0569, ""HARD"": 0.0762}","{""r_acc"": -0.5, ""r_time"": 0.05277212245479552, ""r_prog"": 0.0, ""r_mom"": 0.0, ""total"": -0.4472278775452045}"
struggling,40,MEDIUM,False,7.24,0.1756,0.0,0.9461,0.8,-0.2803,-0.0634,-0.0844,"{""EASY"": 0.752, ""MEDIUM"": 0.217, ""HARD"": 0.031}","{""EASY"": 0.0246, ""MEDIUM"": 0.9507, ""HARD"": 0.0246}","{""EASY"": 0.1701, ""MEDIUM"": 0.804, ""HARD"": 0.0259}","{""r_acc"": -0.5, ""r_time"": 0.21968444170475504, ""r_prog"": 0.0, ""r_mom"": 0.0, ""total"": -0.28031555829524496}"
struggling,41,EASY,True,9.01,0.1947,0.2,0.7503,0.8,1.2162,0.0857,0.2553,"{""EASY"": 0.5768, ""MEDIUM"": 0.3969, ""HARD"": 0.0263}","{""EASY"": 0.9522, ""MEDIUM"": 0.0239, ""HARD"": 0.0239}","{""EASY"": 0.8771, ""MEDIUM"": 0.0985, ""HARD"": 0.0244}","{""r_acc"": 1.0, ""r_time"": 0.18408921319995575, ""r_prog"": 0.0, ""r_mom"": 0.032151273753163435, ""total"": 1.2162404869531191}"
struggling,42,EASY,True,12.21,0.2143,0.4,0.6538,0.6752,1.172,0.0,0.1758,"{""EASY"": 0.7422, ""MEDIUM"": 0.2242, ""HARD"": 0.0335}","{""EASY"": 0.9536, ""MEDIUM"": 0.0232, ""HARD"": 0.0232}","{""EASY"": 0.885, ""MEDIUM"": 0.0885, ""HARD"": 0.0265}","{""r_acc"": 1.0, ""r_time"": 0.11373301616511605, ""r_prog"": 0.0, ""r_mom"": 0.05827829453479101, ""total"": 1.172011310699907}"
struggling,43,HARD,False,15.06,0.2135,0.4,0.6562,0.6077,-0.4376,0.0,-0.0656,"{""EASY"": 0.7303, ""MEDIUM"": 0.2329, ""HARD"": 0.0368}","{""EASY"": 0.0225, ""MEDIUM"": 0.0225, ""HARD"": 0.955}","{""EASY"": 0.3002, ""MEDIUM"": 0.105, ""HARD"": 0.5948}","{""r_acc"": -0.5, ""r_time"": 0.062437519308023784, ""r_prog"": 0.0, ""r_mom"": 0.0, ""total"": -0.43756248069197623}"
struggling,44,EASY,True,3.24,0.2335,0.6,0.6251,0.6093,1.3024,0.0,0.1954,"{""EASY"": 0.5261, ""MEDIUM"": 0.1922, ""HARD"": 0.2817}","{""EASY"": 0.9564, ""MEDIUM"": 0.0218, ""HARD"": 0.0218}","{""EASY"": 0.7883, ""MEDIUM"": 0.0884, ""HARD"": 0.1233}","{""r_acc"": 1.0, ""r_time"": 0.2702901497473481, ""r_prog"": 0.0, ""r_mom"": 0.032151273753163435, ""total"": 1.3024414235005115}"
struggling,45,EASY,False,16.45,0.2176,0.6,0.6276,0.5876,-0.4532,0.0,-0.068,"{""EASY"": 0.7191, ""MEDIUM"": 0.2408, ""HARD"": 0.0401}","{""EASY"": 0.9577, ""MEDIUM"": 0.0212, ""HARD"": 0.0212}","{""EASY"": 0.8593, ""MEDIUM"": 0.1118, ""HARD"": 0.029}","{""r_acc"": -0.5, ""r_time"": 0.046765674059972506, ""r_prog"": 0.0, ""r_mom"": 0.0, ""total"": -0.4532343259400275}"
struggling,46,EASY,False,6.13,0.2033,0.4,0.6157,0.5893,-0.2661,0.0,-0.0399,"{""EASY"": 0.7283, ""MEDIUM"": 0.2343, ""HARD"": 0.0374}","{""EASY"": 0.9589, ""MEDIUM"": 0.0205, ""HARD"": 0.0205}","{""EASY"": 0.8642, ""MEDIUM"": 0.1083, ""HARD"": 0.0274}","{""r_acc"": -0.5, ""r_time"": 0.2339238487857267, ""r_prog"": 0.0, ""r_mom"": 0.0, ""total"": -0.2660761512142733}"
struggling,47,EASY,False,6.46,0.1904,0.2,0.6966,0.581,-0.2728,0.0,-0.0409,"{""EASY"": 0.7103, ""MEDIUM"": 0.2512, ""HARD"": 0.0385}","{""EASY"": 0.9602, ""MEDIUM"": 0.0199, ""HARD"": 0.0199}","{""EASY"": 0.8554, ""MEDIUM"": 0.1168, ""HARD"": 0.0277}","{""r_acc"": -0.5, ""r_time"": 0.22723885595130233, ""r_prog"": 0.0, ""r_mom"": 0.0, ""total"": -0.27276114404869767}"
struggling,48,EASY,False,9.7,0.1787,0.2,0.7004,0.6376,-0.3341,0.0,-0.0501,"{""EASY"": 0.7382, ""MEDIUM"": 0.2281, ""HARD"": 0.0337}","{""EASY"": 0.9614, ""MEDIUM"": 0.0193, ""HARD"": 0.0193}","{""EASY"": 0.8805, ""MEDIUM"": 0.095, ""HARD"": 0.0245}","{""r_acc"": -0.5, ""r_time"": 0.1658769474337065, ""r_prog"": 0.0, ""r_mom"": 0.0, ""total"": -0.3341230525662935}"
struggling,49,EASY,False,8.15,0.168,0.0,0.9198,0.6403,-0.3033,0.0,-0.0197,"{""EASY"": 0.746, ""MEDIUM"": 0.2222, ""HARD"": 0.0317}","{""EASY"": 0.9625, ""MEDIUM"": 0.0187, ""HARD"": 0.0187}","{""EASY"": 0.8846, ""MEDIUM"": 0.0919, ""HARD"": 0.0234}","{""r_acc"": -0.5, ""r_time"": 0.19668855237062238, ""r_prog"": 0.0, ""r_mom"": 0.0, ""total"": -0.3033114476293776}"
struggling,50,MEDIUM,False,12.94,0.1649,0.0,0.9427,0.7938,-0.4013,0.1915,0.0911,"{""EASY"": 0.7532, ""MEDIUM"": 0.2168, ""HARD"": 0.03}","{""EASY"": 0.0182, ""MEDIUM"": 0.9637, ""HARD"": 0.0182}","{""EASY"": 0.1697, ""MEDIUM"": 0.8097, ""HARD"": 0.0206}","{""r_acc"": -0.5, ""r_time"": 0.09866450444369433, ""r_prog"": 0.0, ""r_mom"": 0.0, ""total"": -0.40133549555630565}"
struggling,51,MEDIUM,True,11.16,0.191,0.2,0.7613,0.8,1.2695,-0.0844,0.1425,"{""EASY"": 0.5823, ""MEDIUM"": 0.3929, ""HARD"": 0.0247}","{""EASY"": 0.0176, ""MEDIUM"": 0.9647, ""HARD"": 0.0176}","{""EASY"": 0.1306, ""MEDIUM"": 0.8504, ""HARD"": 0.0191}","{""r_acc"": 1.0, ""r_time"": 0.13738534750763226, ""r_prog"": 0.1, ""r_mom"": 0.032151273753163435, ""total"": 1.269536621260796}"
struggling,52,MEDIUM,True,14.03,0.2192,0.4,0.6741,0.6829,1.2384,0.0,0.1858,"{""EASY"": 0.569, ""MEDIUM"": 0.4024, ""HARD"": 0.0286}","{""EASY"": 0.9658, ""MEDIUM"": 0.0171, ""HARD"": 0.0171}","{""EASY"": 0.84, ""MEDIUM"": 0.1393, ""HARD"": 0.0207}","{""r_acc"": 1.0, ""r_time"": 0.08009453205856297, ""r_prog"": 0.1, ""r_mom"": 0.05827829453479101, ""total"": 1.238372826593354}"
struggling,53,EASY,True,14.78,0.2393,0.6,0.6733,0.6218,1.1456,0.0,0.1718,"{""EASY"": 0.6986, ""MEDIUM"": 0.2598, ""HARD"": 0.0416}","{""EASY"": 0.9667, ""MEDIUM"": 0.0167, ""HARD"": 0.0167}","{""EASY"": 0.8653, ""MEDIUM"": 0.1086, ""HARD"": 0.0261}","{""r_acc"": 1.0, ""r_time"": 0.06947984951490765, ""r_prog"": 0.0, ""r_mom"": 0.07615941559557649, ""total"": 1.145639265110484}"
struggling,54,EASY,True,14.18,0.2594,0.8,0.789,0.6213,1.1671,0.1718,0.3211,"{""EASY"": 0.7157, ""MEDIUM"": 0.2432, ""HARD"": 0.0411}","{""EASY"": 0.9667, ""MEDIUM"": 0.0167, ""HARD"": 0.0167}","{""EASY"": 0.8716, ""MEDIUM"": 0.1024, ""HARD"": 0.0259}","{""r_acc"": 1.0, ""r_time"": 0.08011980425669102, ""r_prog"": 0.0, ""r_mom"": 0.0870061661742672, ""total"": 1.1671259704309582}"
struggling,55,EASY,False,8.99,0.2411,0.8,0.773,0.7023,-0.3102,0.0,-0.0465,"{""EASY"": 0.7044, ""MEDIUM"": 0.2509, ""HARD"": 0.0447}","{""EASY"": 0.9667, ""MEDIUM"": 0.0167, ""HARD"": 0.0167}","{""EASY"": 0.8886, ""MEDIUM"": 0.0864, ""HARD"": 0.025}","{""r_acc"": -0.5, ""r_time"": 0.1897670152097027, ""r_prog"": 0.0, ""r_mom"": 0.0, ""total"": -0.31023298479029726}"
struggling,56,EASY,False,7.88,0.2246,0.6,0.6632,0.6911,-0.2899,0.0,-0.0435,"{""EASY"": 0.5777, ""MEDIUM"": 0.3833, ""HARD"": 0.0389}","{""EASY"": 0.9667, ""MEDIUM"": 0.0167, ""HARD"": 0.0167}","{""EASY"": 0.8465, ""MEDIUM"": 0.1299, ""HARD"": 0.0235}","{""r_acc"": -0.5, ""r_time"": 0.21014879957360702, ""r_prog"": 0.0, ""r_mom"": 0.0, ""total"": -0.289851200426393}"
struggling,57,HARD,False,13.98,0.2236,0.4,0.6633,0.6143,-0.4152,0.0,-0.0623,"{""EASY"": 0.6948, ""MEDIUM"": 0.2626, ""HARD"": 0.0427}","{""EASY"": 0.0167, ""MEDIUM"": 0.0167, ""HARD"": 0.9667}","{""EASY"": 0.2782, ""MEDIUM"": 0.1115, ""HARD"": 0.6102}","{""r_acc"": -0.5, ""r_time"": 0.08484323104296619, ""r_prog"": 0.0, ""r_mom"": 0.0, ""total"": -0.4151567689570338}"
struggling,58,HARD,False,10.29,0.2227,0.2,0.7614,0.6143,-0.3394,0.0,-0.0509,"{""EASY"": 0.5209, ""MEDIUM"": 0.1963, ""HARD"": 0.2828}","{""EASY"": 0.0167, ""MEDIUM"": 0.0167, ""HARD"": 0.9667}","{""EASY"": 0.2111, ""MEDIUM"": 0.0859, ""HARD"": 0.7029}","{""r_acc"": -0.5, ""r_time"": 0.1605722841920298, ""r_prog"": 0.0, ""r_mom"": 0.0, ""total"": -0.3394277158079702}"
struggling,59,HARD,False,12.53,0.2218,0.0,0.9582,0.683,-0.3882,0.0,-0.0751,"{""EASY"": 0.5214, ""MEDIUM"": 0.1959, ""HARD"": 0.2827}","{""EASY"": 0.0167, ""MEDIUM"": 0.0167, ""HARD"": 0.9667}","{""EASY"": 0.1767, ""MEDIUM"": 0.0735, ""HARD"": 0.7498}","{""r_acc"": -0.5, ""r_time"": 0.1117621198803644, ""r_prog"": 0.0, ""r_mom"": 0.0, ""total"": -0.3882378801196356}"
struggling,60,HARD,False,15.17,0.2209,0.0,0.9564,0.8,-0.4355,-0.1253,-0.1526,"{""EASY"": 0.5881, ""MEDIUM"": 0.3763, ""HARD"": 0.0355}","{""EASY"": 0.0167, ""MEDIUM"": 0.0167, ""HARD"": 0.9667}","{""EASY"": 0.131, ""MEDIUM"": 0.0886, ""HARD"": 0.7804}","{""r_acc"": -0.5, ""r_time"": 0.06453234917764478, ""r_prog"": 0.0, ""r_mom"": 0.0, ""total"": -0.4354676508223552}"
struggling,61,MEDIUM,False,7.98,0.2153,0.0,0.9569,0.8,-0.293,0.1425,0.1116,"{""EASY"": 0.5886, ""MEDIUM"": 0.376, ""HARD"": 0.0354}","{""EASY"": 0.0167, ""MEDIUM"": 0.9667, ""HARD"": 0.0167}","{""EASY"": 0.1311, ""MEDIUM"": 0.8485, ""HARD"": 0.0204}","{""r_acc"": -0.5, ""r_time"": 0.20704336457829195, ""r_prog"": 0.0, ""r_mom"": 0.0, ""total"": -0.292956635421708}"
struggling,62,EASY,True,9.84,0.2353,0.2,0.7637,0.8,1.2008,0.2553,0.4222,"{""EASY"": 0.5568, ""MEDIUM"": 0.4108, ""HARD"": 0.0324}","{""EASY"": 0.9667, ""MEDIUM"": 0.0167, ""HARD"": 0.0167}","{""EASY"": 0.8847, ""MEDIUM"": 0.0955, ""HARD"": 0.0198}","{""r_acc"": 1.0, ""r_time"": 0.16860928790559593, ""r_prog"": 0.0, ""r_mom"": 0.032151273753163435, ""total"": 1.2007605616587593}"
struggling,63,MEDIUM,True,16.53,0.2662,0.4,0.6606,0.6846,1.2022,0.1858,0.3816,"{""EASY"": 0.718, ""MEDIUM"": 0.2416, ""HARD"": 0.0404}","{""EASY"": 0.0167, ""MEDIUM"": 0.9667, ""HARD"": 0.0167}","{""EASY"": 0.2379, ""MEDIUM"": 0.738, ""HARD"": 0.0242}","{""r_acc"": 1.0, ""r_time"": 0.04390103833944122, ""r_prog"": 0.1, ""r_mom"": 0.05827829453479101, ""total"": 1.2021793328742323}"
struggling,64,EASY,False,7.77,0.2472,0.4,0.6477,0.6124,-0.2883,0.3211,0.2297,"{""EASY"": 0.5321, ""MEDIUM"": 0.4268, ""HARD"": 0.0411}","{""EASY"": 0.9667, ""MEDIUM"": 0.0167, ""HARD"": 0.0167}","{""EASY"": 0.7982, ""MEDIUM"": 0.1756, ""HARD"": 0.0261}","{""r_acc"": -0.5, ""r_time"": 0.21170154269750754, ""r_prog"": 0.0, ""r_mom"": 0.0, ""total"": -0.2882984573024925}"
struggling,65,EASY,True,12.24,0.2674,0.6,0.6522,0.6034,1.1493,0.0,0.1724,"{""EASY"": 0.7112, ""MEDIUM"": 0.2463, ""HARD"": 0.0425}","{""EASY"": 0.9667, ""MEDIUM"": 0.0167, ""HARD"": 0.0167}","{""EASY"": 0.8653, ""MEDIUM"": 0.1077, ""HARD"": 0.0269}","{""r_acc"": 1.0, ""r_time"": 0.11717795290480701, ""r_prog"": 0.0, ""r_mom"": 0.032151273753163435, ""total"": 1.1493292266579704}"
struggling,66,EASY,True,21.7,0.2875,0.8,0.7348,0.6065,1.0704,0.0,0.1606,"{""EASY"": 0.7, ""MEDIUM"": 0.2538, ""HARD"": 0.0462}","{""EASY"": 0.9667, ""MEDIUM"": 0.0167, ""HARD"": 0.0167}","{""EASY"": 0.8617, ""MEDIUM"": 0.11, ""HARD"": 0.0283}","{""r_acc"": 1.0, ""r_time"": 0.012099003602133106, ""r_prog"": 0.0, ""r_mom"": 0.05827829453479101, ""total"": 1.0703772981369242}"
struggling,67,EASY,False,5.37,0.2666,0.6,0.6193,0.6644,-0.2551,-0.0465,-0.0778,"{""EASY"": 0.5533, ""MEDIUM"": 0.399, ""HARD"": 0.0477}","{""EASY"": 0.0167, ""MEDIUM"": 0.0167, ""HARD"": 0.9667}","{""EASY"": 0.1968, ""MEDIUM"": 0.145, ""HARD"": 0.6583}","{""r_acc"": -0.5, ""r_time"": 0.24488878393618005, ""r_prog"": 0.0, ""r_mom"": 0.0, ""total"": -0.2551112160638199}"
struggling,68,MEDIUM,True,11.81,0.2985,0.6,0.6173,0.5835,1.2645,0.0,0.2113,"{""EASY"": 0.6653, ""MEDIUM"": 0.2832, ""HARD"": 0.0515}","{""EASY"": 0.0167, ""MEDIUM"": 0.9667, ""HARD"": 0.0167}","{""EASY"": 0.2868, ""MEDIUM"": 0.682, ""HARD"": 0.0312}","{""r_acc"": 1.0, ""r_time"": 0.13234706132326968, ""r_prog"": 0.1, ""r_mom"": 0.032151273753163435, ""total"": 1.2644983350764334}"
struggling,69,MEDIUM,True,10.27,0.331,0.8,0.7216,0.5821,1.3208,0.0,0.1981,"{""EASY"": 0.5168, ""MEDIUM"": 0.4361, ""HARD"": 0.0472}","{""EASY"": 0.9667, ""MEDIUM"": 0.0167, ""HARD"": 0.0167}","{""EASY"": 0.7786, ""MEDIUM"": 0.1919, ""HARD"": 0.0294}","{""r_acc"": 1.0, ""r_time"": 0.16256691088097522, ""r_prog"": 0.1, ""r_mom"": 0.05827829453479101, ""total"": 1.3208452054157664}"
struggling,70,EASY,False,4.67,0.3061,0.6,0.5983,0.6551,-0.2496,0.0,-0.0089,"{""EASY"": 0.5017, ""MEDIUM"": 0.4446, ""HARD"": 0.0538}","{""EASY"": 0.9667, ""MEDIUM"": 0.0167, ""HARD"": 0.0167}","{""EASY"": 0.8063, ""MEDIUM"": 0.1642, ""HARD"": 0.0295}","{""r_acc"": -0.5, ""r_time"": 0.25039005324649893, ""r_prog"": 0.0, ""r_mom"": 0.0, ""total"": -0.24960994675350107}"
struggling,71,MEDIUM,False,4.56,0.2953,0.4,0.6281,0.5688,-0.2516,0.2113,0.1704,"{""EASY"": 0.6794, ""MEDIUM"": 0.2668, ""HARD"": 0.0538}","{""EASY"": 0.0167, ""MEDIUM"": 0.9667, ""HARD"": 0.0167}","{""EASY"": 0.3024, ""MEDIUM"": 0.6649, ""HARD"": 0.0327}","{""r_acc"": -0.5, ""r_time"": 0.24835655075060614, ""r_prog"": 0.0, ""r_mom"": 0.0, ""total"": -0.25164344924939386}"
struggling,72,MEDIUM,False,8.14,0.2852,0.4,0.638,0.5897,-0.3073,0.1704,0.0988,"{""EASY"": 0.5183, ""MEDIUM"": 0.4352, ""HARD"": 0.0465}","{""EASY"": 0.0167, ""MEDIUM"": 0.9667, ""HARD"": 0.0167}","{""EASY"": 0.2225, ""MEDIUM"": 0.7486, ""HARD"": 0.0289}","{""r_acc"": -0.5, ""r_time"": 0.19268259310479635, ""r_prog"": 0.0, ""r_mom"": 0.0, ""total"": -0.30731740689520365}"
struggling,73,EASY,False,6.28,0.2645,0.2,0.7438,0.5966,-0.2776,0.0,0.0154,"{""EASY"": 0.523, ""MEDIUM"": 0.4324, ""HARD"": 0.0446}","{""EASY"": 0.9667, ""MEDIUM"": 0.0167, ""HARD"": 0.0167}","{""EASY"": 0.7877, ""MEDIUM"": 0.1844, ""HARD"": 0.0279}","{""r_acc"": -0.5, ""r_time"": 0.2223518885303498, ""r_prog"": 0.0, ""r_mom"": 0.0, ""total"": -0.2776481114696502}"
struggling,74,EASY,True,10.96,0.2846,0.2,0.7385,0.6707,1.1723,0.4222,0.5862,"{""EASY"": 0.7016, ""MEDIUM"": 0.2527, ""HARD"": 0.0457}","{""EASY"": 0.9667, ""MEDIUM"": 0.0167, ""HARD"": 0.0167}","{""EASY"": 0.8794, ""MEDIUM"": 0.0944, ""HARD"": 0.0262}","{""r_acc"": 1.0, ""r_time"": 0.14015761386349349, ""r_prog"": 0.0, ""r_mom"": 0.032151273753163435, ""total"": 1.172308887616657}"
struggling,75,MEDIUM,False,9.97,0.2753,0.2,0.7492,0.667,-0.3389,0.3816,0.2735,"{""EASY"": 0.6907, ""MEDIUM"": 0.2598, ""HARD"": 0.0495}","{""EASY"": 0.0167, ""MEDIUM"": 0.9667, ""HARD"": 0.0167}","{""EASY"": 0.2411, ""MEDIUM"": 0.7313, ""HARD"": 0.0276}","{""r_acc"": -0.5, ""r_time"": 0.16112513963820274, ""r_prog"": 0.0, ""r_mom"": 0.0, ""total"": -0.33887486036179726}"
struggling,76,EASY,True,10.79,0.2954,0.4,0.6733,0.6745,1.1781,0.0,0.1767,"{""EASY"": 0.5277, ""MEDIUM"": 0.4295, ""HARD"": 0.0427}","{""EASY"": 0.9667, ""MEDIUM"": 0.0167, ""HARD"": 0.0167}","{""EASY"": 0.8238, ""MEDIUM"": 0.1511, ""HARD"": 0.0252}","{""r_acc"": 1.0, ""r_time"": 0.14594666710110477, ""r_prog"": 0.0, ""r_mom"": 0.032151273753163435, ""total"": 1.1780979408542682}"
struggling,77,MEDIUM,False,7.96,0.2853,0.4,0.6727,0.6213,-0.299,0.0,-0.0216,"{""EASY"": 0.685, ""MEDIUM"": 0.2634, ""HARD"": 0.0516}","{""EASY"": 0.0167, ""MEDIUM"": 0.9667, ""HARD"": 0.0167}","{""EASY"": 0.2697, ""MEDIUM"": 0.7004, ""HARD"": 0.0299}","{""r_acc"": -0.5, ""r_time"": 0.20098101468343613, ""r_prog"": 0.0, ""r_mom"": 0.0, ""total"": -0.2990189853165639}"
struggling,78,EASY,True,9.49,0.3052,0.6,0.69,0.6209,1.2026,0.1724,0.324,"{""EASY"": 0.523, ""MEDIUM"": 0.4324, ""HARD"": 0.0446}","{""EASY"": 0.9667, ""MEDIUM"": 0.0167, ""HARD"": 0.0167}","{""EASY"": 0.7985, ""MEDIUM"": 0.1743, ""HARD"": 0.0273}","{""r_acc"": 1.0, ""r_time"": 0.17040996716530746, ""r_prog"": 0.0, ""r_mom"": 0.032151273753163435, ""total"": 1.202561240918471}"
struggling,79,MEDIUM,False,3.84,0.2945,0.4,0.6534,0.633,-0.2438,-0.0216,-0.0549,"{""EASY"": 0.6798, ""MEDIUM"": 0.2666, ""HARD"": 0.0536}","{""EASY"": 0.0167, ""MEDIUM"": 0.9667, ""HARD"": 0.0167}","{""EASY"": 0.26, ""MEDIUM"": 0.7098, ""HARD"": 0.0302}","{""r_acc"": -0.5, ""r_time"": 0.2561889420631703, ""r_prog"": 0.0, ""r_mom"": 0.0, ""total"": -0.24381105793682972}"
struggling,80,EASY,True,6.83,0.3144,0.6,0.6507,0.6074,1.247,0.0,0.187,"{""EASY"": 0.5186, ""MEDIUM"": 0.435, ""HARD"": 0.0464}","{""EASY"": 0.9667, ""MEDIUM"": 0.0167, ""HARD"": 0.0167}","{""EASY"": 0.7908, ""MEDIUM"": 0.1809, ""HARD"": 0.0283}","{""r_acc"": 1.0, ""r_time"": 0.21483149601826015, ""r_prog"": 0.0, ""r_mom"": 0.032151273753163435, ""total"": 1.2469827697714237}"
struggling,81,HARD,False,12.96,0.312,0.4,0.6387,0.6055,-0.4037,0.0,-0.0606,"{""EASY"": 0.6751, ""MEDIUM"": 0.2694, ""HARD"": 0.0555}","{""EASY"": 0.0167, ""MEDIUM"": 0.0167, ""HARD"": 0.9667}","{""EASY"": 0.2764, ""MEDIUM"": 0.1164, ""HARD"": 0.6072}","{""r_acc"": -0.5, ""r_time"": 0.09630077765541127, ""r_prog"": 0.0, ""r_mom"": 0.0, ""total"": -0.4036992223445887}"
struggling,82,MEDIUM,True,12.79,0.3445,0.6,0.6356,0.5971,1.2335,0.0,0.185,"{""EASY"": 0.4781, ""MEDIUM"": 0.2281, ""HARD"": 0.2938}","{""EASY"": 0.0167, ""MEDIUM"": 0.9667, ""HARD"": 0.0167}","{""EASY"": 0.2025, ""MEDIUM"": 0.6691, ""HARD"": 0.1283}","{""r_acc"": 1.0, ""r_time"": 0.10139615348927764, ""r_prog"": 0.1, ""r_mom"": 0.032151273753163435, ""total"": 1.2335474272424412}"
struggling,83,EASY,True,5.78,0.3633,0.6,0.6232,0.5949,1.292,0.0,0.1938,"{""EASY"": 0.4955, ""MEDIUM"": 0.4479, ""HARD"": 0.0567}","{""EASY"": 0.9667, ""MEDIUM"": 0.0167, ""HARD"": 0.0167}","{""EASY"": 0.7758, ""MEDIUM"": 0.1913, ""HARD"": 0.0329}","{""r_acc"": 1.0, ""r_time"": 0.23367176847594148, ""r_prog"": 0.0, ""r_mom"": 0.05827829453479101, ""total"": 1.2919500630107326}"
struggling,84,EASY,False,8.54,0.3356,0.6,0.6483,0.5863,-0.3149,-0.068,-0.105,"{""EASY"": 0.651, ""MEDIUM"": 0.2829, ""HARD"": 0.0661}","{""EASY"": 0.0167, ""MEDIUM"": 0.9667, ""HARD"": 0.0167}","{""EASY"": 0.2791, ""MEDIUM"": 0.6838, ""HARD"": 0.0371}","{""r_acc"": -0.5, ""r_time"": 0.18505017363117054, ""r_prog"": 0.0, ""r_mom"": 0.0, ""total"": -0.31494982636882946}"
struggling,85,EASY,False,8.38,0.3104,0.4,0.6546,0.6038,-0.3132,0.0,-0.0449,"{""EASY"": 0.6644, ""MEDIUM"": 0.2756, ""HARD"": 0.0599}","{""EASY"": 0.9667, ""MEDIUM"": 0.0167, ""HARD"": 0.0167}","{""EASY"": 0.8469, ""MEDIUM"": 0.1193, ""HARD"": 0.0338}","{""r_acc"": -0.5, ""r_time"": 0.1868148030912827, ""r_prog"": 0.0, ""r_mom"": 0.0, ""total"": -0.31318519690871727}"
struggling,86,EASY,False,12.56,0.2873,0.4,0.656,0.6082,-0.395,0.0154,-0.0441,"{""EASY"": 0.6361, ""MEDIUM"": 0.3023, ""HARD"": 0.0616}","{""EASY"": 0.9667, ""MEDIUM"": 0.0167, ""HARD"": 0.0167}","{""EASY"": 0.8371, ""MEDIUM"": 0.1286, ""HARD"": 0.0343}","{""r_acc"": -0.5, ""r_time"": 0.10502622831872609, ""r_prog"": 0.0, ""r_mom"": 0.0, ""total"": -0.3949737716812739}"
struggling,87,HARD,False,12.13,0.2855,0.2,0.7544,0.6092,-0.3865,0.0,-0.0341,"{""EASY"": 0.6513, ""MEDIUM"": 0.2926, ""HARD"": 0.0561}","{""EASY"": 0.0167, ""MEDIUM"": 0.0167, ""HARD"": 0.9667}","{""EASY"": 0.2647, ""MEDIUM"": 0.1245, ""HARD"": 0.6109}","{""r_acc"": -0.5, ""r_time"": 0.11350197299868303, ""r_prog"": 0.0, ""r_mom"": 0.0, ""total"": -0.38649802700131697}"
struggling,88,EASY,False,10.62,0.2647,0.0,0.9666,0.6781,-0.3567,0.1767,0.1206,"{""EASY"": 0.4904, ""MEDIUM"": 0.2193, ""HARD"": 0.2903}","{""EASY"": 0.9667, ""MEDIUM"": 0.0167, ""HARD"": 0.0167}","{""EASY"": 0.8133, ""MEDIUM"": 0.0819, ""HARD"": 0.1048}","{""r_acc"": -0.5, ""r_time"": 0.14325044517339672, ""r_prog"": 0.0, ""r_mom"": 0.0, ""total"": -0.3567495548266033}"
struggling,89,EASY,True,13.88,0.2848,0.2,0.7753,0.8,1.116,0.1206,0.2699,"{""EASY"": 0.7015, ""MEDIUM"": 0.2528, ""HARD"": 0.0457}","{""EASY"": 0.9667, ""MEDIUM"": 0.0167, ""HARD"": 0.0167}","{""EASY"": 0.9136, ""MEDIUM"": 0.0639, ""HARD"": 0.0225}","{""r_acc"": 1.0, ""r_time"": 0.08384125534501058, ""r_prog"": 0.0, ""r_mom"": 0.032151273753163435, ""total"": 1.115992529098174}"
struggling,90,MEDIUM,False,11.02,0.2755,0.2,0.7887,0.6927,-0.3648,0.0,-0.0183,"{""EASY"": 0.6905, ""MEDIUM"": 0.2599, ""HARD"": 0.0495}","{""EASY"": 0.9667, ""MEDIUM"": 0.0167, ""HARD"": 0.0167}","{""EASY"": 0.8818, ""MEDIUM"": 0.0914, ""HARD"": 0.0268}","{""r_acc"": -0.5, ""r_time"": 0.13522930811719497, ""r_prog"": 0.0, ""r_mom"": 0.0, ""total"": -0.36477069188280503}"
struggling,91,EASY,True,8.59,0.2955,0.4,0.681,0.7021,1.2174,0.2699,0.4046,"{""EASY"": 0.5276, ""MEDIUM"": 0.4296, ""HARD"": 0.0428}","{""EASY"": 0.9667, ""MEDIUM"": 0.0167, ""HARD"": 0.0167}","{""EASY"": 0.8359, ""MEDIUM"": 0.1397, ""HARD"": 0.0244}","{""r_acc"": 1.0, ""r_time"": 0.18525882437734523, ""r_prog"": 0.0, ""r_mom"": 0.032151273753163435, ""total"": 1.2174100981305087}"
struggling,92,MEDIUM,False,12.19,0.2855,0.4,0.6809,0.6267,-0.3867,-0.0549,-0.1047,"{""EASY"": 0.6849, ""MEDIUM"": 0.2635, ""HARD"": 0.0516}","{""EASY"": 0.0167, ""MEDIUM"": 0.9667, ""HARD"": 0.0167}","{""EASY"": 0.2661, ""MEDIUM"": 0.7042, ""HARD"": 0.0297}","{""r_acc"": -0.5, ""r_time"": 0.11329205379117259, ""r_prog"": 0.0, ""r_mom"": 0.0, ""total"": -0.3867079462088274}"
struggling,93,EASY,True,10.17,0.3054,0.6,0.68,0.6267,1.1857,0.0,0.1779,"{""EASY"": 0.5229, ""MEDIUM"": 0.4324, ""HARD"": 0.0446}","{""EASY"": 0.9667, ""MEDIUM"": 0.0167, ""HARD"": 0.0167}","{""EASY"": 0.801, ""MEDIUM"": 0.1719, ""HARD"": 0.0271}","{""r_acc"": 1.0, ""r_time"": 0.15359725213979986, ""r_prog"": 0.0, ""r_mom"": 0.032151273753163435, ""total"": 1.1857485258929634}"
struggling,94,HARD,True,8.61,0.3471,0.6,0.6844,0.626,1.4418,0.0,0.243,"{""EASY"": 0.6797, ""MEDIUM"": 0.2666, ""HARD"": 0.0536}","{""EASY"": 0.0167, ""MEDIUM"": 0.0167, ""HARD"": 0.9667}","{""EASY"": 0.2647, ""MEDIUM"": 0.1102, ""HARD"": 0.6252}","{""r_acc"": 1.0, ""r_time"": 0.18347239334995916, ""r_prog"": 0.2, ""r_mom"": 0.05827829453479101, ""total"": 1.4417506878847501}"
struggling,95,MEDIUM,False,8.59,0.3334,0.6,0.6825,0.6291,-0.3128,0.1981,0.1215,"{""EASY"": 0.4622, ""MEDIUM"": 0.2389, ""HARD"": 0.2989}","{""EASY"": 0.0167, ""MEDIUM"": 0.9667, ""HARD"": 0.0167}","{""EASY"": 0.1819, ""MEDIUM"": 0.6967, ""HARD"": 0.1213}","{""r_acc"": -0.5, ""r_time"": 0.18720837252246222, ""r_prog"": 0.0, ""r_mom"": 0.0, ""total"": -0.31279162747753775}"
struggling,96,HARD,False,14.13,0.3306,0.4,0.672,0.6278,-0.4283,0.0,-0.0393,"{""EASY"": 0.5006, ""MEDIUM"": 0.4452, ""HARD"": 0.0543}","{""EASY"": 0.0167, ""MEDIUM"": 0.0167, ""HARD"": 0.9667}","{""EASY"": 0.1968, ""MEDIUM"": 0.1762, ""HARD"": 0.627}","{""r_acc"": -0.5, ""r_time"": 0.07165889427344667, ""r_prog"": 0.0, ""r_mom"": 0.0, ""total"": -0.4283411057265533}"
struggling,97,MEDIUM,False,15.05,0.3181,0.4,0.6633,0.6204,-0.4399,0.185,0.1163,"{""EASY"": 0.4696, ""MEDIUM"": 0.234, ""HARD"": 0.2965}","{""EASY"": 0.0167, ""MEDIUM"": 0.9667, ""HARD"": 0.0167}","{""EASY"": 0.1886, ""MEDIUM"": 0.6885, ""HARD"": 0.1229}","{""r_acc"": -0.5, ""r_time"": 0.06010323666075492, ""r_prog"": 0.0, ""r_mom"": 0.0, ""total"": -0.4398967633392451}"
struggling,98,EASY,True,16.04,0.3375,0.4,0.6603,0.6143,1.0818,-0.0399,0.1545,"{""EASY"": 0.5076, ""MEDIUM"": 0.4413, ""HARD"": 0.0511}","{""EASY"": 0.0167, ""MEDIUM"": 0.9667, ""HARD"": 0.0167}","{""EASY"": 0.206, ""MEDIUM"": 0.764, ""HARD"": 0.0299}","{""r_acc"": 1.0, ""r_time"": 0.049630756814672626, ""r_prog"": 0.0, ""r_mom"": 0.032151273753163435, ""total"": 1.081782030567836}"
struggling,99,EASY,True,7.79,0.3565,0.4,0.6562,0.6122,1.2669,0.1938,0.3548,"{""EASY"": 0.6635, ""MEDIUM"": 0.2762, ""HARD"": 0.0604}","{""EASY"": 0.9667, ""MEDIUM"": 0.0167, ""HARD"": 0.0167}","{""EASY"": 0.8491, ""MEDIUM"": 0.1173, ""HARD"": 0.0336}","{""r_acc"": 1.0, ""r_time"": 0.2086191216055115, ""r_prog"": 0.0, ""r_mom"": 0.05827829453479101, ""total"": 1.2668974161403026}"
average,0,MEDIUM,False,13.73,0.475,0.0,0.15,0.15,-0.35,0.0,-0.0525,"{""EASY"": 0.4266, ""MEDIUM"": 0.4754, ""HARD"": 0.098}","{""EASY"": 0.8333, ""MEDIUM"": 0.0833, ""HARD"": 0.0833}","{""EASY"": 0.4876, ""MEDIUM"": 0.4166, ""HARD"": 0.0958}","{""r_acc"": -0.5, ""r_time"": 0.15, ""r_prog"": 0.0, ""r_mom"": 0.0, ""total"": -0.35}"
average,1,EASY,False,19.93,0.4397,0.0,0.5631,0.1552,-0.35,0.0,-0.0525,"{""EASY"": 0.4374, ""MEDIUM"": 0.4723, ""HARD"": 0.0903}","{""EASY"": 0.8383, ""MEDIUM"": 0.0808, ""HARD"": 0.0808}","{""EASY"": 0.4996, ""MEDIUM"": 0.4115, ""HARD"": 0.0888}","{""r_acc"": -0.5, ""r_time"": 0.15, ""r_prog"": 0.0, ""r_mom"": 0.0, ""total"": -0.35}"
average,2,HARD,False,8.73,0.4338,0.0,0.5851,0.1894,-0.2205,0.0,-0.0331,"{""EASY"": 0.6161, ""MEDIUM"": 0.2986, ""HARD"": 0.0853}","{""EASY"": 0.8432, ""MEDIUM"": 0.0784, ""HARD"": 0.0784}","{""EASY"": 0.6592, ""MEDIUM"": 0.2569, ""HARD"": 0.084}","{""r_acc"": -0.5, ""r_time"": 0.27945470210424445, ""r_prog"": 0.0, ""r_mom"": 0.0, ""total"": -0.22054529789575555}"
average,3,HARD,False,7.77,0.4281,0.0,0.623,0.2114,-0.26,0.0,-0.039,"{""EASY"": 0.4255, ""MEDIUM"": 0.2609, ""HARD"": 0.3136}","{""EASY"": 0.8479, ""MEDIUM"": 0.0761, ""HARD"": 0.0761}","{""EASY"": 0.5148, ""MEDIUM"": 0.2218, ""HARD"": 0.2634}","{""r_acc"": -0.5, ""r_time"": 0.24004332041363113, ""r_prog"": 0.0, ""r_mom"": 0.0, ""total"": -0.25995667958636887}"
average,4,EASY,True,9.16,0.4443,0.2,0.4817,0.2372,1.2326,0.0,0.1849,"{""EASY"": 0.4278, ""MEDIUM"": 0.2597, ""HARD"": 0.3125}","{""EASY"": 0.8525, ""MEDIUM"": 0.0738, ""HARD"": 0.0738}","{""EASY"": 0.5285, ""MEDIUM"": 0.2156, ""HARD"": 0.2559}","{""r_acc"": 1.0, ""r_time"": 0.20048772336585285, ""r_prog"": 0.0, ""r_mom"": 0.032151273753163435, ""total"": 1.2326389971190164}"
average,5,EASY,False,7.53,0.4108,0.2,0.5197,0.2343,-0.2833,0.0,-0.0425,"{""EASY"": 0.6142, ""MEDIUM"": 0.2993, ""HARD"": 0.0865}","{""EASY"": 0.8569, ""MEDIUM"": 0.0716, ""HARD"": 0.0716}","{""EASY"": 0.671, ""MEDIUM"": 0.2459, ""HARD"": 0.083}","{""r_acc"": -0.5, ""r_time"": 0.21671574711544012, ""r_prog"": 0.0, ""r_mom"": 0.0, ""total"": -0.2832842528845599}"
average,6,EASY,True,10.71,0.4276,0.4,0.5362,0.2591,1.1895,0.0,0.1784,"{""EASY"": 0.6289, ""MEDIUM"": 0.2934, ""HARD"": 0.0776}","{""EASY"": 0.8612, ""MEDIUM"": 0.0694, ""HARD"": 0.0694}","{""EASY"": 0.6891, ""MEDIUM"": 0.2354, ""HARD"": 0.0755}","{""r_acc"": 1.0, ""r_time"": 0.15737941989815912, ""r_prog"": 0.0, ""r_mom"": 0.032151273753163435, ""total"": 1.1895306936513226}"
average,7,EASY,False,11.71,0.3952,0.4,0.5773,0.2814,-0.3614,0.0,-0.0542,"{""EASY"": 0.5636, ""MEDIUM"": 0.3418, ""HARD"": 0.0945}","{""EASY"": 0.8653, ""MEDIUM"": 0.0673, ""HARD"": 0.0673}","{""EASY"": 0.6485, ""MEDIUM"": 0.2646, ""HARD"": 0.0869}","{""r_acc"": -0.5, ""r_time"": 0.13862121300946084, ""r_prog"": 0.0, ""r_mom"": 0.0, ""total"": -0.36137878699053916}"
average,8,EASY,True,6.57,0.4125,0.6,0.6202,0.3117,1.2622,0.0,0.1893,"{""EASY"": 0.5829, ""MEDIUM"": 0.3326, ""HARD"": 0.0845}","{""EASY"": 0.8694, ""MEDIUM"": 0.0653, ""HARD"": 0.0653}","{""EASY"": 0.6722, ""MEDIUM"": 0.2493, ""HARD"": 0.0785}","{""r_acc"": 1.0, ""r_time"": 0.23004739080535924, ""r_prog"": 0.0, ""r_mom"": 0.032151273753163435, ""total"": 1.2621986645585228}"
average,9,MEDIUM,False,10.68,0.3939,0.4,0.6695,0.3454,-0.3507,0.0,-0.027,"{""EASY"": 0.5725, ""MEDIUM"": 0.3377, ""HARD"": 0.0898}","{""EASY"": 0.8733, ""MEDIUM"": 0.0634, ""HARD"": 0.0634}","{""EASY"": 0.6764, ""MEDIUM"": 0.243, ""HARD"": 0.0806}","{""r_acc"": -0.5, ""r_time"": 0.14931565692405022, ""r_prog"": 0.0, ""r_mom"": 0.0, ""total"": -0.35068434307594976}"
average,10,EASY,True,11.14,0.4113,0.6,0.676,0.3843,1.1723,0.1893,0.3368,"{""EASY"": 0.4731, ""MEDIUM"": 0.4587, ""HARD"": 0.0682}","{""EASY"": 0.8771, ""MEDIUM"": 0.0615, ""HARD"": 0.0615}","{""EASY"": 0.6284, ""MEDIUM"": 0.3061, ""HARD"": 0.0656}","{""r_acc"": 1.0, ""r_time"": 0.14015971744839692, ""r_prog"": 0.0, ""r_mom"": 0.032151273753163435, ""total"": 1.1723109912015603}"
average,11,HARD,False,14.12,0.4063,0.4,0.667,0.4102,-0.4174,0.0,-0.0626,"{""EASY"": 0.6287, ""MEDIUM"": 0.2935, ""HARD"": 0.0778}","{""EASY"": 0.0596, ""MEDIUM"": 0.0596, ""HARD"": 0.8808}","{""EASY"": 0.3952, ""MEDIUM"": 0.1976, ""HARD"": 0.4072}","{""r_acc"": -0.5, ""r_time"": 0.08255421329192907, ""r_prog"": 0.0, ""r_mom"": 0.0, ""total"": -0.4174457867080709}"
average,12,EASY,True,12.7,0.4233,0.6,0.666,0.4301,1.1463,0.0,0.1719,"{""EASY"": 0.4368, ""MEDIUM"": 0.2547, ""HARD"": 0.3086}","{""EASY"": 0.8844, ""MEDIUM"": 0.0578, ""HARD"": 0.0578}","{""EASY"": 0.6293, ""MEDIUM"": 0.17, ""HARD"": 0.2007}","{""r_acc"": 1.0, ""r_time"": 0.11415506059221486, ""r_prog"": 0.0, ""r_mom"": 0.032151273753163435, ""total"": 1.1463063343453783}"
average,13,EASY,False,4.58,0.3912,0.4,0.6507,0.453,-0.2385,-0.0542,-0.0818,"{""EASY"": 0.6234, ""MEDIUM"": 0.2958, ""HARD"": 0.0809}","{""EASY"": 0.0561, ""MEDIUM"": 0.8878, ""HARD"": 0.0561}","{""EASY"": 0.3664, ""MEDIUM"": 0.564, ""HARD"": 0.0696}","{""r_acc"": -0.5, ""r_time"": 0.26152634072809505, ""r_prog"": 0.0, ""r_mom"": 0.0, ""total"": -0.23847365927190495}"
average,14,EASY,False,6.89,0.3613,0.4,0.6394,0.4688,-0.2797,0.0,-0.042,"{""EASY"": 0.6379, ""MEDIUM"": 0.2894, ""HARD"": 0.0727}","{""EASY"": 0.8912, ""MEDIUM"": 0.0544, ""HARD"": 0.0544}","{""EASY"": 0.7566, ""MEDIUM"": 0.1792, ""HARD"": 0.0641}","{""r_acc"": -0.5, ""r_time"": 0.22033011512106418, ""r_prog"": 0.0, ""r_mom"": 0.0, ""total"": -0.27966988487893585}"
average,15,HARD,False,12.36,0.3579,0.2,0.7348,0.4857,-0.389,0.0,-0.0584,"{""EASY"": 0.6036, ""MEDIUM"": 0.3216, ""HARD"": 0.0748}","{""EASY"": 0.0528, ""MEDIUM"": 0.0528, ""HARD"": 0.8945}","{""EASY"": 0.3361, ""MEDIUM"": 0.1911, ""HARD"": 0.4729}","{""r_acc"": -0.5, ""r_time"": 0.11095515228159648, ""r_prog"": 0.0, ""r_mom"": 0.0, ""total"": -0.38904484771840353}"
average,16,EASY,True,9.72,0.3763,0.4,0.6443,0.5615,1.1987,0.0,0.1798,"{""EASY"": 0.4575, ""MEDIUM"": 0.242, ""HARD"": 0.3006}","{""EASY"": 0.8976, ""MEDIUM"": 0.0512, ""HARD"": 0.0512}","{""EASY"": 0.7046, ""MEDIUM"": 0.1349, ""HARD"": 0.1605}","{""r_acc"": 1.0, ""r_time"": 0.16658534313209017, ""r_prog"": 0.0, ""r_mom"": 0.032151273753163435, ""total"": 1.1987366168852538}"
average,17,EASY,True,9.53,0.3943,0.4,0.6503,0.5333,1.2284,0.0,0.1843,"{""EASY"": 0.6448, ""MEDIUM"": 0.2861, ""HARD"": 0.0692}","{""EASY"": 0.9007, ""MEDIUM"": 0.0497, ""HARD"": 0.0497}","{""EASY"": 0.7813, ""MEDIUM"": 0.16, ""HARD"": 0.0588}","{""r_acc"": 1.0, ""r_time"": 0.17013525545295013, ""r_prog"": 0.0, ""r_mom"": 0.05827829453479101, ""total"": 1.228413549987741}"
average,18,EASY,False,9.44,0.3642,0.4,0.6759,0.5597,-0.3285,0.1843,0.1074,"{""EASY"": 0.6364, ""MEDIUM"": 0.2901, ""HARD"": 0.0735}","{""EASY"": 0.9037, ""MEDIUM"": 0.0482, ""HARD"": 0.0482}","{""EASY"": 0.786, ""MEDIUM"": 0.1547, ""HARD"": 0.0593}","{""r_acc"": -0.5, ""r_time"": 0.17151538489049403, ""r_prog"": 0.0, ""r_mom"": 0.0, ""total"": -0.328484615109506}"
average,19,EASY,False,10.59,0.3365,0.4,0.6908,0.5995,-0.355,0.0,-0.0532,"{""EASY"": 0.6018, ""MEDIUM"": 0.3226, ""HARD"": 0.0756}","{""EASY"": 0.9066, ""MEDIUM"": 0.0467, ""HARD"": 0.0467}","{""EASY"": 0.7845, ""MEDIUM"": 0.1572, ""HARD"": 0.0583}","{""r_acc"": -0.5, ""r_time"": 0.145008262405335, ""r_prog"": 0.0, ""r_mom"": 0.0, ""total"": -0.354991737594665}"
average,20,HARD,True,7.76,0.3795,0.6,0.6924,0.6335,1.4398,0.0,0.216,"{""EASY"": 0.6192, ""MEDIUM"": 0.3126, ""HARD"": 0.0681}","{""EASY"": 0.0453, ""MEDIUM"": 0.0453, ""HARD"": 0.9094}","{""EASY"": 0.2556, ""MEDIUM"": 0.1433, ""HARD"": 0.6011}","{""r_acc"": 1.0, ""r_time"": 0.20760732927349126, ""r_prog"": 0.2, ""r_mom"": 0.032151273753163435, ""total"": 1.4397586030266547}"
average,21,EASY,True,8.96,0.3973,0.6,0.6921,0.6347,1.2383,0.0,0.1857,"{""EASY"": 0.4481, ""MEDIUM"": 0.2479, ""HARD"": 0.304}","{""EASY"": 0.9121, ""MEDIUM"": 0.044, ""HARD"": 0.044}","{""EASY"": 0.7426, ""MEDIUM"": 0.1185, ""HARD"": 0.139}","{""r_acc"": 1.0, ""r_time"": 0.17997277734749292, ""r_prog"": 0.0, ""r_mom"": 0.05827829453479101, ""total"": 1.238251071882284}"
average,22,EASY,True,11.94,0.4146,0.6,0.6826,0.6345,1.1856,0.0,0.1778,"{""EASY"": 0.635, ""MEDIUM"": 0.2907, ""HARD"": 0.0742}","{""EASY"": 0.9147, ""MEDIUM"": 0.0426, ""HARD"": 0.0426}","{""EASY"": 0.8125, ""MEDIUM"": 0.1333, ""HARD"": 0.0542}","{""r_acc"": 1.0, ""r_time"": 0.10941772590886255, ""r_prog"": 0.0, ""r_mom"": 0.07615941559557649, ""total"": 1.185577141504439}"
average,23,MEDIUM,False,10.75,0.3958,0.6,0.6826,0.6279,-0.3615,0.0,-0.0088,"{""EASY"": 0.6272, ""MEDIUM"": 0.2942, ""HARD"": 0.0786}","{""EASY"": 0.0414, ""MEDIUM"": 0.9173, ""HARD"": 0.0414}","{""EASY"": 0.2594, ""MEDIUM"": 0.6854, ""HARD"": 0.0552}","{""r_acc"": -0.5, ""r_time"": 0.13845492298822623, ""r_prog"": 0.0, ""r_mom"": 0.0, ""total"": -0.36154507701177374}"
average,24,EASY,False,6.03,0.3656,0.6,0.6658,0.6278,-0.2592,0.3368,0.2474,"{""EASY"": 0.4722, ""MEDIUM"": 0.4591, ""HARD"": 0.0686}","{""EASY"": 0.9198, ""MEDIUM"": 0.0401, ""HARD"": 0.0401}","{""EASY"": 0.7532, ""MEDIUM"": 0.1961, ""HARD"": 0.0507}","{""r_acc"": -0.5, ""r_time"": 0.24083902053888503, ""r_prog"": 0.0, ""r_mom"": 0.0, ""total"": -0.25916097946111494}"
average,25,MEDIUM,False,14.21,0.3506,0.4,0.6587,0.6161,-0.437,0.0,-0.0656,"{""EASY"": 0.6498, ""MEDIUM"": 0.2835, ""HARD"": 0.0667}","{""EASY"": 0.0389, ""MEDIUM"": 0.9222, ""HARD"": 0.0389}","{""EASY"": 0.2735, ""MEDIUM"": 0.677, ""HARD"": 0.0496}","{""r_acc"": -0.5, ""r_time"": 0.06297431967884744, ""r_prog"": 0.0, ""r_mom"": 0.0, ""total"": -0.4370256803211526}"
average,26,EASY,True,12.24,0.3692,0.4,0.6624,0.6111,1.1366,0.0,0.1705,"{""EASY"": 0.4927, ""MEDIUM"": 0.4493, ""HARD"": 0.058}","{""EASY"": 0.9245, ""MEDIUM"": 0.0377, ""HARD"": 0.0377}","{""EASY"": 0.7566, ""MEDIUM"": 0.1978, ""HARD"": 0.0456}","{""r_acc"": 1.0, ""r_time"": 0.10446403409668749, ""r_prog"": 0.0, ""r_mom"": 0.032151273753163435, ""total"": 1.136615307849851}"
average,27,EASY,False,7.34,0.3411,0.2,0.748,0.6137,-0.2822,0.0,-0.0423,"{""EASY"": 0.6481, ""MEDIUM"": 0.2844, ""HARD"": 0.0675}","{""EASY"": 0.9268, ""MEDIUM"": 0.0366, ""HARD"": 0.0366}","{""EASY"": 0.8191, ""MEDIUM"": 0.1323, ""HARD"": 0.0485}","{""r_acc"": -0.5, ""r_time"": 0.2177767104379982, ""r_prog"": 0.0, ""r_mom"": 0.0, ""total"": -0.2822232895620018}"
average,28,MEDIUM,False,9.57,0.3278,0.2,0.7468,0.6736,-0.3338,0.0,-0.0258,"{""EASY"": 0.6617, ""MEDIUM"": 0.2771, ""HARD"": 0.0611}","{""EASY"": 0.929, ""MEDIUM"": 0.0355, ""HARD"": 0.0355}","{""EASY"": 0.8417, ""MEDIUM"": 0.1144, ""HARD"": 0.0439}","{""r_acc"": -0.5, ""r_time"": 0.1661945108828008, ""r_prog"": 0.0, ""r_mom"": 0.0, ""total"": -0.3338054891171992}"
average,29,EASY,True,9.34,0.3471,0.4,0.6663,0.6728,1.2038,0.1798,0.3479,"{""EASY"": 0.5031, ""MEDIUM"": 0.4438, ""HARD"": 0.0531}","{""EASY"": 0.9311, ""MEDIUM"": 0.0345, ""HARD"": 0.0345}","{""EASY"": 0.791, ""MEDIUM"": 0.1684, ""HARD"": 0.0406}","{""r_acc"": 1.0, ""r_time"": 0.1716840364914297, ""r_prog"": 0.0, ""r_mom"": 0.032151273753163435, ""total"": 1.2038353102445931}"
average,30,EASY,True,4.25,0.3658,0.6,0.6499,0.6164,1.3221,0.1074,0.2896,"{""EASY"": 0.6588, ""MEDIUM"": 0.2788, ""HARD"": 0.0624}","{""EASY"": 0.9332, ""MEDIUM"": 0.0334, ""HARD"": 0.0334}","{""EASY"": 0.8279, ""MEDIUM"": 0.1275, ""HARD"": 0.0446}","{""r_acc"": 1.0, ""r_time"": 0.26385499560535053, ""r_prog"": 0.0, ""r_mom"": 0.05827829453479101, ""total"": 1.3221332901401415}"
average,31,EASY,False,17.67,0.338,0.4,0.6196,0.6049,-0.4763,0.0,-0.0714,"{""EASY"": 0.6497, ""MEDIUM"": 0.2836, ""HARD"": 0.0667}","{""EASY"": 0.9352, ""MEDIUM"": 0.0324, ""HARD"": 0.0324}","{""EASY"": 0.8224, ""MEDIUM"": 0.1316, ""HARD"": 0.046}","{""r_acc"": -0.5, ""r_time"": 0.023678646027397974, ""r_prog"": 0.0, ""r_mom"": 0.0, ""total"": -0.476321353972602}"
average,32,EASY,False,14.28,0.3125,0.4,0.6286,0.5837,-0.4308,0.0,-0.0646,"{""EASY"": 0.6183, ""MEDIUM"": 0.3132, ""HARD"": 0.0685}","{""EASY"": 0.9371, ""MEDIUM"": 0.0314, ""HARD"": 0.0314}","{""EASY"": 0.8044, ""MEDIUM"": 0.1487, ""HARD"": 0.0469}","{""r_acc"": -0.5, ""r_time"": 0.06916121739222597, ""r_prog"": 0.0, ""r_mom"": 0.0, ""total"": -0.43083878260777403}"
average,33,EASY,False,13.92,0.2892,0.4,0.6338,0.59,-0.4226,0.0,-0.0404,"{""EASY"": 0.6347, ""MEDIUM"": 0.3032, ""HARD"": 0.0621}","{""EASY"": 0.939, ""MEDIUM"": 0.0305, ""HARD"": 0.0305}","{""EASY"": 0.8142, ""MEDIUM"": 0.1423, ""HARD"": 0.0435}","{""r_acc"": -0.5, ""r_time"": 0.07743152855883505, ""r_prog"": 0.0, ""r_mom"": 0.0, ""total"": -0.42256847144116494}"
average,34,EASY,False,10.23,0.2681,0.2,0.7323,0.5936,-0.3448,0.1705,0.0932,"{""EASY"": 0.65, ""MEDIUM"": 0.2934, ""HARD"": 0.0566}","{""EASY"": 0.9408, ""MEDIUM"": 0.0296, ""HARD"": 0.0296}","{""EASY"": 0.8227, ""MEDIUM"": 0.1368, ""HARD"": 0.0406}","{""r_acc"": -0.5, ""r_time"": 0.1551914457686873, ""r_prog"": 0.0, ""r_mom"": 0.0, ""total"": -0.34480855423131274}"
average,35,EASY,True,7.52,0.2882,0.2,0.7528,0.6626,1.2445,0.0,0.1867,"{""EASY"": 0.6903, ""MEDIUM"": 0.2619, ""HARD"": 0.0478}","{""EASY"": 0.9426, ""MEDIUM"": 0.0287, ""HARD"": 0.0287}","{""EASY"": 0.8575, ""MEDIUM"": 0.1074, ""HARD"": 0.0351}","{""r_acc"": 1.0, ""r_time"": 0.21230793151729202, ""r_prog"": 0.0, ""r_mom"": 0.032151273753163435, ""total"": 1.2444592052704555}"
average,36,EASY,False,9.0,0.2672,0.2,0.7592,0.677,-0.3193,0.0,-0.0009,"{""EASY"": 0.6787, ""MEDIUM"": 0.2694, ""HARD"": 0.0518}","{""EASY"": 0.9443, ""MEDIUM"": 0.0278, ""HARD"": 0.0278}","{""EASY"": 0.8585, ""MEDIUM"": 0.1059, ""HARD"": 0.0356}","{""r_acc"": -0.5, ""r_time"": 0.18074211211352226, ""r_prog"": 0.0, ""r_mom"": 0.0, ""total"": -0.31925788788647774}"
average,37,EASY,True,1.18,0.2874,0.4,0.6123,0.6814,1.3148,0.3479,0.4929,"{""EASY"": 0.6908, ""MEDIUM"": 0.2616, ""HARD"": 0.0476}","{""EASY"": 0.946, ""MEDIUM"": 0.027, ""HARD"": 0.027}","{""EASY"": 0.8647, ""MEDIUM"": 0.1017, ""HARD"": 0.0336}","{""r_acc"": 1.0, ""r_time"": 0.28267816141487373, ""r_prog"": 0.0, ""r_mom"": 0.032151273753163435, ""total"": 1.3148294351680372}"
average,38,EASY,False,16.02,0.2664,0.4,0.6034,0.5786,-0.4523,-0.0714,-0.1286,"{""EASY"": 0.6513, ""MEDIUM"": 0.2926, ""HARD"": 0.0561}","{""EASY"": 0.0262, ""MEDIUM"": 0.0262, ""HARD"": 0.9476}","{""EASY"": 0.2896, ""MEDIUM"": 0.1384, ""HARD"": 0.572}","{""r_acc"": -0.5, ""r_time"": 0.047669939413926776, ""r_prog"": 0.0, ""r_mom"": 0.0, ""total"": -0.4523300605860732}"
average,39,HARD,False,17.29,0.2649,0.4,0.5963,0.5724,-0.4623,0.0,-0.0693,"{""EASY"": 0.6654, ""MEDIUM"": 0.2831, ""HARD"": 0.0514}","{""EASY"": 0.0254, ""MEDIUM"": 0.0254, ""HARD"": 0.9492}","{""EASY"": 0.2991, ""MEDIUM"": 0.1356, ""HARD"": 0.5653}","{""r_acc"": -0.5, ""r_time"": 0.03774068549261179, ""r_prog"": 0.0, ""r_mom"": 0.0, ""total"": -0.4622593145073882}"
average,40,EASY,True,14.16,0.2851,0.4,0.6098,0.5674,1.1131,-0.0646,0.112,"{""EASY"": 0.5003, ""MEDIUM"": 0.212, ""HARD"": 0.2877}","{""EASY"": 0.0246, ""MEDIUM"": 0.9507, ""HARD"": 0.0246}","{""EASY"": 0.2304, ""MEDIUM"": 0.6312, ""HARD"": 0.1384}","{""r_acc"": 1.0, ""r_time"": 0.0809786137522899, ""r_prog"": 0.0, ""r_mom"": 0.032151273753163435, ""total"": 1.1131298875054534}"
average,41,HARD,False,11.62,0.2833,0.4,0.6164,0.5768,-0.3719,0.0,-0.0224,"{""EASY"": 0.6904, ""MEDIUM"": 0.26, ""HARD"": 0.0496}","{""EASY"": 0.0239, ""MEDIUM"": 0.0239, ""HARD"": 0.9522}","{""EASY"": 0.306, ""MEDIUM"": 0.1238, ""HARD"": 0.5702}","{""r_acc"": -0.5, ""r_time"": 0.1280812889652615, ""r_prog"": 0.0, ""r_mom"": 0.0, ""total"": -0.3719187110347385}"
average,42,EASY,True,12.55,0.3032,0.4,0.6826,0.5815,1.1425,0.2474,0.4057,"{""EASY"": 0.4915, ""MEDIUM"": 0.2185, ""HARD"": 0.29}","{""EASY"": 0.9536, ""MEDIUM"": 0.0232, ""HARD"": 0.0232}","{""EASY"": 0.7602, ""MEDIUM"": 0.1049, ""HARD"": 0.1348}","{""r_acc"": 1.0, ""r_time"": 0.1103323366056428, ""r_prog"": 0.0, ""r_mom"": 0.032151273753163435, ""total"": 1.1424836103588063}"
average,43,EASY,False,10.65,0.2808,0.4,0.6769,0.6278,-0.3513,0.1778,0.1532,"{""EASY"": 0.6809, ""MEDIUM"": 0.266, ""HARD"": 0.0532}","{""EASY"": 0.955, ""MEDIUM"": 0.0225, ""HARD"": 0.0225}","{""EASY"": 0.853, ""MEDIUM"": 0.1131, ""HARD"": 0.0339}","{""r_acc"": -0.5, ""r_time"": 0.14871171282777826, ""r_prog"": 0.0, ""r_mom"": 0.0, ""total"": -0.3512882871722217}"
average,44,EASY,True,12.3,0.3008,0.6,0.6932,0.6239,1.1476,0.4057,0.5376,"{""EASY"": 0.6927, ""MEDIUM"": 0.2585, ""HARD"": 0.0488}","{""EASY"": 0.9564, ""MEDIUM"": 0.0218, ""HARD"": 0.0218}","{""EASY"": 0.8572, ""MEDIUM"": 0.1109, ""HARD"": 0.032}","{""r_acc"": 1.0, ""r_time"": 0.11544072144758168, ""r_prog"": 0.0, ""r_mom"": 0.032151273753163435, ""total"": 1.1475919952007452}"
average,45,EASY,True,8.31,0.3206,0.6,0.6843,0.6352,1.2549,0.1532,0.3185,"{""EASY"": 0.6423, ""MEDIUM"": 0.2984, ""HARD"": 0.0593}","{""EASY"": 0.9577, ""MEDIUM"": 0.0212, ""HARD"": 0.0212}","{""EASY"": 0.8426, ""MEDIUM"": 0.1223, ""HARD"": 0.0351}","{""r_acc"": 1.0, ""r_time"": 0.19664685445186336, ""r_prog"": 0.0, ""r_mom"": 0.05827829453479101, ""total"": 1.2549251489866544}"
average,46,EASY,True,18.01,0.3399,0.8,0.7562,0.629,1.1096,0.0,0.1664,"{""EASY"": 0.6294, ""MEDIUM"": 0.3065, ""HARD"": 0.0641}","{""EASY"": 0.9589, ""MEDIUM"": 0.0205, ""HARD"": 0.0205}","{""EASY"": 0.8367, ""MEDIUM"": 0.1266, ""HARD"": 0.0367}","{""r_acc"": 1.0, ""r_time"": 0.03344297761192011, ""r_prog"": 0.0, ""r_mom"": 0.07615941559557649, ""total"": 1.1096023932074965}"
average,47,EASY,True,8.43,0.3589,0.8,0.7463,0.6794,1.2825,0.0,0.1924,"{""EASY"": 0.5267, ""MEDIUM"": 0.4144, ""HARD"": 0.0589}","{""EASY"": 0.9602, ""MEDIUM"": 0.0199, ""HARD"": 0.0199}","{""EASY"": 0.8212, ""MEDIUM"": 0.1464, ""HARD"": 0.0324}","{""r_acc"": 1.0, ""r_time"": 0.19544927902982953, ""r_prog"": 0.0, ""r_mom"": 0.0870061661742672, ""total"": 1.2824554452040966}"
average,48,EASY,True,4.66,0.3773,1.0,0.9124,0.6724,1.3444,0.0,0.2017,"{""EASY"": 0.5173, ""MEDIUM"": 0.4194, ""HARD"": 0.0633}","{""EASY"": 0.9614, ""MEDIUM"": 0.0193, ""HARD"": 0.0193}","{""EASY"": 0.8159, ""MEDIUM"": 0.1504, ""HARD"": 0.0337}","{""r_acc"": 1.0, ""r_time"": 0.25133389957441216, ""r_prog"": 0.0, ""r_mom"": 0.09311096086675777, ""total"": 1.3444448604411698}"
average,49,EASY,True,2.55,0.3952,1.0,0.8736,0.7887,1.365,0.2017,0.4034,"{""EASY"": 0.5082, ""MEDIUM"": 0.4239, ""HARD"": 0.0678}","{""EASY"": 0.9625, ""MEDIUM"": 0.0187, ""HARD"": 0.0187}","{""EASY"": 0.8665, ""MEDIUM"": 0.1044, ""HARD"": 0.0291}","{""r_acc"": 1.0, ""r_time"": 0.2686043182683236, ""r_prog"": 0.0, ""r_mom"": 0.09640275800758169, ""total"": 1.3650070762759052}"
average,50,EASY,True,12.15,0.4126,1.0,0.8797,0.7615,1.2148,0.4034,0.5251,"{""EASY"": 0.4995, ""MEDIUM"": 0.4281, ""HARD"": 0.0724}","{""EASY"": 0.9637, ""MEDIUM"": 0.0182, ""HARD"": 0.0182}","{""EASY"": 0.853, ""MEDIUM"": 0.1159, ""HARD"": 0.0311}","{""r_acc"": 1.0, ""r_time"": 0.11664803489261517, ""r_prog"": 0.0, ""r_mom"": 0.09813680813098667, ""total"": 1.2147848430236017}"
average,51,EASY,True,5.91,0.4293,1.0,0.9018,0.7658,1.3275,0.0,0.1991,"{""EASY"": 0.4912, ""MEDIUM"": 0.4318, ""HARD"": 0.077}","{""EASY"": 0.9647, ""MEDIUM"": 0.0176, ""HARD"": 0.0176}","{""EASY"": 0.8538, ""MEDIUM"": 0.1146, ""HARD"": 0.0315}","{""r_acc"": 1.0, ""r_time"": 0.22848628190548625, ""r_prog"": 0.0, ""r_mom"": 0.0990390494225681, ""total"": 1.3275253313280544}"
average,52,EASY,False,9.6,0.3968,0.8,0.7088,0.7813,-0.3398,0.0,-0.051,"{""EASY"": 0.4832, ""MEDIUM"": 0.4351, ""HARD"": 0.0817}","{""EASY"": 0.9658, ""MEDIUM"": 0.0171, ""HARD"": 0.0171}","{""EASY"": 0.8602, ""MEDIUM"": 0.1085, ""HARD"": 0.0312}","{""r_acc"": -0.5, ""r_time"": 0.1602130965602395, ""r_prog"": 0.0, ""r_mom"": 0.0, ""total"": -0.3397869034397605}"
average,53,MEDIUM,False,12.54,0.3794,0.6,0.6226,0.6462,-0.3983,0.0,-0.0472,"{""EASY"": 0.4988, ""MEDIUM"": 0.4284, ""HARD"": 0.0728}","{""EASY"": 0.9667, ""MEDIUM"": 0.0167, ""HARD"": 0.0167}","{""EASY"": 0.8011, ""MEDIUM"": 0.1624, ""HARD"": 0.0365}","{""r_acc"": -0.5, ""r_time"": 0.10173184634058109, ""r_prog"": 0.0, ""r_mom"": 0.0, ""total"": -0.3982681536594189}"
average,54,EASY,True,5.82,0.3972,0.6,0.6488,0.5858,1.2631,0.0932,0.2938,"{""EASY"": 0.4796, ""MEDIUM"": 0.4557, ""HARD"": 0.0646}","{""EASY"": 0.9667, ""MEDIUM"": 0.0167, ""HARD"": 0.0167}","{""EASY"": 0.765, ""MEDIUM"": 0.1985, ""HARD"": 0.0365}","{""r_acc"": 1.0, ""r_time"": 0.23095367372989034, ""r_prog"": 0.0, ""r_mom"": 0.032151273753163435, ""total"": 1.2631049474830538}"
average,55,MEDIUM,False,8.53,0.3797,0.4,0.6529,0.6042,-0.3176,0.0,-0.0185,"{""EASY"": 0.6351, ""MEDIUM"": 0.2907, ""HARD"": 0.0742}","{""EASY"": 0.9667, ""MEDIUM"": 0.0167, ""HARD"": 0.0167}","{""EASY"": 0.8354, ""MEDIUM"": 0.1251, ""HARD"": 0.0394}","{""r_acc"": -0.5, ""r_time"": 0.18235614142924728, ""r_prog"": 0.0, ""r_mom"": 0.0, ""total"": -0.3176438585707527}"
average,56,HARD,True,5.64,0.4237,0.4,0.6511,0.607,1.4643,0.216,0.4032,"{""EASY"": 0.4795, ""MEDIUM"": 0.4558, ""HARD"": 0.0647}","{""EASY"": 0.0167, ""MEDIUM"": 0.0167, ""HARD"": 0.9667}","{""EASY"": 0.1985, ""MEDIUM"": 0.1893, ""HARD"": 0.6122}","{""r_acc"": 1.0, ""r_time"": 0.23213844576761075, ""r_prog"": 0.2, ""r_mom"": 0.032151273753163435, ""total"": 1.4642897195207742}"
average,57,EASY,True,1.64,0.4401,0.6,0.6066,0.6058,1.3299,0.0,0.1995,"{""EASY"": 0.4296, ""MEDIUM"": 0.2587, ""HARD"": 0.3117}","{""EASY"": 0.9667, ""MEDIUM"": 0.0167, ""HARD"": 0.0167}","{""EASY"": 0.7549, ""MEDIUM"": 0.1121, ""HARD"": 0.133}","{""r_acc"": 1.0, ""r_time"": 0.27159196144937214, ""r_prog"": 0.0, ""r_mom"": 0.05827829453479101, ""total"": 1.329870255984163}"
average,58,EASY,True,9.55,0.4558,0.8,0.7198,0.5746,1.2322,0.1995,0.3544,"{""EASY"": 0.616, ""MEDIUM"": 0.2986, ""HARD"": 0.0854}","{""EASY"": 0.9667, ""MEDIUM"": 0.0167, ""HARD"": 0.0167}","{""EASY"": 0.8175, ""MEDIUM"": 0.1366, ""HARD"": 0.0459}","{""r_acc"": 1.0, ""r_time"": 0.1559967621836502, ""r_prog"": 0.0, ""r_mom"": 0.07615941559557649, ""total"": 1.2321561777792267}"
average,59,EASY,True,10.71,0.471,0.8,0.7178,0.6538,1.2217,0.0,0.1833,"{""EASY"": 0.6092, ""MEDIUM"": 0.301, ""HARD"": 0.0898}","{""EASY"": 0.9667, ""MEDIUM"": 0.0167, ""HARD"": 0.0167}","{""EASY"": 0.8429, ""MEDIUM"": 0.1151, ""HARD"": 0.042}","{""r_acc"": 1.0, ""r_time"": 0.1346701094124328, ""r_prog"": 0.0, ""r_mom"": 0.0870061661742672, ""total"": 1.2216762755867}"
average,60,EASY,True,7.13,0.4856,1.0,0.9081,0.6525,1.2949,0.1833,0.35,"{""EASY"": 0.4636, ""MEDIUM"": 0.4423, ""HARD"": 0.0941}","{""EASY"": 0.9667, ""MEDIUM"": 0.0167, ""HARD"": 0.0167}","{""EASY"": 0.7918, ""MEDIUM"": 0.1646, ""HARD"": 0.0436}","{""r_acc"": 1.0, ""r_time"": 0.20178105014353806, ""r_prog"": 0.0, ""r_mom"": 0.09311096086675777, ""total"": 1.2948920110102957}"
average,61,EASY,True,12.44,0.4996,1.0,0.9097,0.7856,1.1981,0.0,0.1797,"{""EASY"": 0.4568, ""MEDIUM"": 0.4444, ""HARD"": 0.0987}","{""EASY"": 0.9667, ""MEDIUM"": 0.0167, ""HARD"": 0.0167}","{""EASY"": 0.8574, ""MEDIUM"": 0.1084, ""HARD"": 0.0343}","{""r_acc"": 1.0, ""r_time"": 0.10165074278441623, ""r_prog"": 0.0, ""r_mom"": 0.09640275800758169, ""total"": 1.198053500791998}"
average,62,MEDIUM,False,6.5,0.4747,0.8,0.7603,0.7868,-0.2894,0.0,-0.0434,"{""EASY"": 0.4504, ""MEDIUM"": 0.4463, ""HARD"": 0.1033}","{""EASY"": 0.9667, ""MEDIUM"": 0.0167, ""HARD"": 0.0167}","{""EASY"": 0.8566, ""MEDIUM"": 0.1083, ""HARD"": 0.0351}","{""r_acc"": -0.5, ""r_time"": 0.21060504160459848, ""r_prog"": 0.0, ""r_mom"": 0.0, ""total"": -0.2893949583954015}"
average,63,MEDIUM,True,3.73,0.5013,0.8,0.7313,0.6822,1.3792,0.0,0.2069,"{""EASY"": 0.4375, ""MEDIUM"": 0.4723, ""HARD"": 0.0902}","{""EASY"": 0.9667, ""MEDIUM"": 0.0167, ""HARD"": 0.0167}","{""EASY"": 0.7985, ""MEDIUM"": 0.1615, ""HARD"": 0.04}","{""r_acc"": 1.0, ""r_time"": 0.2470597328916001, ""r_prog"": 0.1, ""r_mom"": 0.032151273753163435, ""total"": 1.3792110066447636}"
average,64,HARD,False,7.19,0.4928,0.6,0.6357,0.6619,-0.3038,0.0,-0.0456,"{""EASY"": 0.426, ""MEDIUM"": 0.4755, ""HARD"": 0.0984}","{""EASY"": 0.0167, ""MEDIUM"": 0.0167, ""HARD"": 0.9667}","{""EASY"": 0.1551, ""MEDIUM"": 0.1718, ""HARD"": 0.6731}","{""r_acc"": -0.5, ""r_time"": 0.19619569911169896, ""r_prog"": 0.0, ""r_mom"": 0.0, ""total"": -0.303804300888301}"
average,65,EASY,True,8.52,0.5066,0.6,0.6377,0.595,1.2042,0.0,0.1806,"{""EASY"": 0.4022, ""MEDIUM"": 0.2721, ""HARD"": 0.3257}","{""EASY"": 0.9667, ""MEDIUM"": 0.0167, ""HARD"": 0.0167}","{""EASY"": 0.7381, ""MEDIUM"": 0.1201, ""HARD"": 0.1418}","{""r_acc"": 1.0, ""r_time"": 0.17208803960775265, ""r_prog"": 0.0, ""r_mom"": 0.032151273753163435, ""total"": 1.2042393133609162}"
average,66,EASY,True,6.22,0.5197,0.6,0.6633,0.5964,1.2698,0.0,0.2383,"{""EASY"": 0.5883, ""MEDIUM"": 0.3068, ""HARD"": 0.1049}","{""EASY"": 0.9667, ""MEDIUM"": 0.0167, ""HARD"": 0.0167}","{""EASY"": 0.8139, ""MEDIUM"": 0.1338, ""HARD"": 0.0523}","{""r_acc"": 1.0, ""r_time"": 0.21156445729150455, ""r_prog"": 0.0, ""r_mom"": 0.05827829453479101, ""total"": 1.2698427518262956}"
average,67,EASY,True,3.3,0.5324,0.8,0.7389,0.6143,1.3256,0.3544,0.5001,"{""EASY"": 0.583, ""MEDIUM"": 0.3078, ""HARD"": 0.1092}","{""EASY"": 0.9667, ""MEDIUM"": 0.0167, ""HARD"": 0.0167}","{""EASY"": 0.8187, ""MEDIUM"": 0.129, ""HARD"": 0.0523}","{""r_acc"": 1.0, ""r_time"": 0.2494228810908891, ""r_prog"": 0.0, ""r_mom"": 0.07615941559557649, ""total"": 1.3255822966864657}"
average,68,MEDIUM,True,5.89,0.5551,0.8,0.7527,0.6673,1.399,0.0,0.2098,"{""EASY"": 0.4355, ""MEDIUM"": 0.4499, ""HARD"": 0.1147}","{""EASY"": 0.9667, ""MEDIUM"": 0.0167, ""HARD"": 0.0167}","{""EASY"": 0.7899, ""MEDIUM"": 0.1608, ""HARD"": 0.0493}","{""r_acc"": 1.0, ""r_time"": 0.21197944687457643, ""r_prog"": 0.1, ""r_mom"": 0.0870061661742672, ""total"": 1.3989856130488436}"
average,69,MEDIUM,True,10.03,0.5762,1.0,0.9318,0.6769,1.3299,0.2098,0.4251,"{""EASY"": 0.4031, ""MEDIUM"": 0.4802, ""HARD"": 0.1166}","{""EASY"": 0.0167, ""MEDIUM"": 0.9667, ""HARD"": 0.0167}","{""EASY"": 0.1416, ""MEDIUM"": 0.8095, ""HARD"": 0.049}","{""r_acc"": 1.0, ""r_time"": 0.1368318305486113, ""r_prog"": 0.1, ""r_mom"": 0.09311096086675777, ""total"": 1.3299427914153692}"
average,70,EASY,True,15.64,0.5865,1.0,0.8956,0.8,1.1479,0.35,0.4697,"{""EASY"": 0.3943, ""MEDIUM"": 0.4814, ""HARD"": 0.1243}","{""EASY"": 0.9667, ""MEDIUM"": 0.0167, ""HARD"": 0.0167}","{""EASY"": 0.8522, ""MEDIUM"": 0.1096, ""HARD"": 0.0382}","{""r_acc"": 1.0, ""r_time"": 0.051540919430339324, ""r_prog"": 0.0, ""r_mom"": 0.09640275800758169, ""total"": 1.147943677437921}"
average,71,EASY,True,8.77,0.5965,1.0,0.9044,0.7769,1.261,0.0,0.216,"{""EASY"": 0.5575, ""MEDIUM"": 0.3102, ""HARD"": 0.1324}","{""EASY"": 0.9667, ""MEDIUM"": 0.0167, ""HARD"": 0.0167}","{""EASY"": 0.8754, ""MEDIUM"": 0.0821, ""HARD"": 0.0425}","{""r_acc"": 1.0, ""r_time"": 0.1628394682029534, ""r_prog"": 0.0, ""r_mom"": 0.09813680813098667, ""total"": 1.26097627633394}"
average,72,EASY,True,8.3,0.606,1.0,0.9332,0.7831,1.2703,0.1991,0.3598,"{""EASY"": 0.5538, ""MEDIUM"": 0.3101, ""HARD"": 0.1361}","{""EASY"": 0.9667, ""MEDIUM"": 0.0167, ""HARD"": 0.0167}","{""EASY"": 0.8771, ""MEDIUM"": 0.0803, ""HARD"": 0.0426}","{""r_acc"": 1.0, ""r_time"": 0.17122240514472084, ""r_prog"": 0.0, ""r_mom"": 0.0990390494225681, ""total"": 1.270261454567289}"
average,73,EASY,False,15.28,0.5669,0.8,0.7528,0.8,-0.4424,0.0,-0.0664,"{""EASY"": 0.4028, ""MEDIUM"": 0.4541, ""HARD"": 0.1431}","{""EASY"": 0.9667, ""MEDIUM"": 0.0167, ""HARD"": 0.0167}","{""EASY"": 0.8539, ""MEDIUM"": 0.1042, ""HARD"": 0.042}","{""r_acc"": -0.5, ""r_time"": 0.05760462343739422, ""r_prog"": 0.0, ""r_mom"": 0.0, ""total"": -0.4423953765626058}"
average,74,MEDIUM,False,1.0,0.5379,0.6,0.6021,0.677,-0.2348,0.0,-0.0108,"{""EASY"": 0.42, ""MEDIUM"": 0.4525, ""HARD"": 0.1275}","{""EASY"": 0.9667, ""MEDIUM"": 0.0167, ""HARD"": 0.0167}","{""EASY"": 0.7901, ""MEDIUM"": 0.1575, ""HARD"": 0.0525}","{""r_acc"": -0.5, ""r_time"": 0.26524803331413865, ""r_prog"": 0.0, ""r_mom"": 0.0, ""total"": -0.23475196668586135}"
average,75,EASY,False,11.49,0.5,0.4,0.6073,0.5715,-0.3858,0.1806,0.0957,"{""EASY"": 0.4104, ""MEDIUM"": 0.479, ""HARD"": 0.1106}","{""EASY"": 0.9667, ""MEDIUM"": 0.0167, ""HARD"": 0.0167}","{""EASY"": 0.7283, ""MEDIUM"": 0.2148, ""HARD"": 0.0569}","{""r_acc"": -0.5, ""r_time"": 0.1141566097208031, ""r_prog"": 0.0, ""r_mom"": 0.0, ""total"": -0.3858433902791969}"
average,76,MEDIUM,True,5.25,0.525,0.4,0.5927,0.5751,1.3488,0.0,0.2698,"{""EASY"": 0.5909, ""MEDIUM"": 0.3062, ""HARD"": 0.1029}","{""EASY"": 0.9667, ""MEDIUM"": 0.0167, ""HARD"": 0.0167}","{""EASY"": 0.807, ""MEDIUM"": 0.1397, ""HARD"": 0.0533}","{""r_acc"": 1.0, ""r_time"": 0.21663052453670306, ""r_prog"": 0.1, ""r_mom"": 0.032151273753163435, ""total"": 1.3487817982898667}"
average,77,EASY,True,11.28,0.5374,0.4,0.5974,0.5649,1.1725,0.5001,0.6009,"{""EASY"": 0.4159, ""MEDIUM"": 0.4779, ""HARD"": 0.1062}","{""EASY"": 0.9667, ""MEDIUM"": 0.0167, ""HARD"": 0.0167}","{""EASY"": 0.727, ""MEDIUM"": 0.2174, ""HARD"": 0.0556}","{""r_acc"": 1.0, ""r_time"": 0.11425063590621443, ""r_prog"": 0.0, ""r_mom"": 0.05827829453479101, ""total"": 1.1725289304410056}"
average,78,HARD,False,13.07,0.5272,0.4,0.6035,0.5682,-0.4124,0.0,-0.0619,"{""EASY"": 0.5761, ""MEDIUM"": 0.3089, ""HARD"": 0.115}","{""EASY"": 0.9667, ""MEDIUM"": 0.0167, ""HARD"": 0.0167}","{""EASY"": 0.798, ""MEDIUM"": 0.1429, ""HARD"": 0.0591}","{""r_acc"": -0.5, ""r_time"": 0.08763391236624943, ""r_prog"": 0.0, ""r_mom"": 0.0, ""total"": -0.4123660876337506}"
average,79,HARD,False,14.14,0.5176,0.4,0.6562,0.5724,-0.4256,0.0,-0.0638,"{""EASY"": 0.3893, ""MEDIUM"": 0.2772, ""HARD"": 0.3336}","{""EASY"": 0.9667, ""MEDIUM"": 0.0167, ""HARD"": 0.0167}","{""EASY"": 0.7198, ""MEDIUM"": 0.128, ""HARD"": 0.1522}","{""r_acc"": -0.5, ""r_time"": 0.07438525845217903, ""r_prog"": 0.0, ""r_mom"": 0.0, ""total"": -0.425614741547821}"
average,80,EASY,True,7.8,0.5303,0.6,0.6476,0.6093,1.2099,0.0,0.1815,"{""EASY"": 0.3929, ""MEDIUM"": 0.2758, ""HARD"": 0.3313}","{""EASY"": 0.9667, ""MEDIUM"": 0.0167, ""HARD"": 0.0167}","{""EASY"": 0.7425, ""MEDIUM"": 0.1179, ""HARD"": 0.1396}","{""r_acc"": 1.0, ""r_time"": 0.17772559453505007, ""r_prog"": 0.0, ""r_mom"": 0.032151273753163435, ""total"": 1.2098768682882135}"
average,81,EASY,True,5.96,0.5425,0.6,0.6525,0.6033,1.2666,0.0,0.2711,"{""EASY"": 0.5788, ""MEDIUM"": 0.3085, ""HARD"": 0.1126}","{""EASY"": 0.9667, ""MEDIUM"": 0.0167, ""HARD"": 0.0167}","{""EASY"": 0.8128, ""MEDIUM"": 0.1324, ""HARD"": 0.0547}","{""r_acc"": 1.0, ""r_time"": 0.20831234082871097, ""r_prog"": 0.0, ""r_mom"": 0.05827829453479101, ""total"": 1.266590635363502}"
average,82,EASY,True,15.97,0.5543,0.6,0.6446,0.6068,1.1266,0.6009,0.6798,"{""EASY"": 0.5741, ""MEDIUM"": 0.3092, ""HARD"": 0.1167}","{""EASY"": 0.9667, ""MEDIUM"": 0.0167, ""HARD"": 0.0167}","{""EASY"": 0.8123, ""MEDIUM"": 0.1317, ""HARD"": 0.056}","{""r_acc"": 1.0, ""r_time"": 0.050420421138010894, ""r_prog"": 0.0, ""r_mom"": 0.07615941559557649, ""total"": 1.1265798367335873}"
average,83,EASY,True,7.83,0.5655,0.8,0.7316,0.6012,1.263,0.0,0.238,"{""EASY"": 0.4932, ""MEDIUM"": 0.3646, ""HARD"": 0.1422}","{""EASY"": 0.9667, ""MEDIUM"": 0.0167, ""HARD"": 0.0167}","{""EASY"": 0.7779, ""MEDIUM"": 0.1554, ""HARD"": 0.0667}","{""r_acc"": 1.0, ""r_time"": 0.1759687224309784, ""r_prog"": 0.0, ""r_mom"": 0.0870061661742672, ""total"": 1.2629748886052456}"
average,84,EASY,True,12.68,0.5763,1.0,0.9263,0.6621,1.1839,0.3598,0.5126,"{""EASY"": 0.4206, ""MEDIUM"": 0.4524, ""HARD"": 0.127}","{""EASY"": 0.9667, ""MEDIUM"": 0.0167, ""HARD"": 0.0167}","{""EASY"": 0.7822, ""MEDIUM"": 0.1639, ""HARD"": 0.0539}","{""r_acc"": 1.0, ""r_time"": 0.09082368901183575, ""r_prog"": 0.0, ""r_mom"": 0.09311096086675777, ""total"": 1.1839346498785934}"
average,85,EASY,True,13.88,0.5867,1.0,0.9332,0.7984,1.1711,0.216,0.3885,"{""EASY"": 0.4158, ""MEDIUM"": 0.453, ""HARD"": 0.1312}","{""EASY"": 0.9667, ""MEDIUM"": 0.0167, ""HARD"": 0.0167}","{""EASY"": 0.8556, ""MEDIUM"": 0.1046, ""HARD"": 0.0398}","{""r_acc"": 1.0, ""r_time"": 0.07470674556899451, ""r_prog"": 0.0, ""r_mom"": 0.09640275800758169, ""total"": 1.1711095035765762}"
average,86,EASY,True,9.03,0.5966,1.0,0.949,0.8,1.2541,0.3885,0.5875,"{""EASY"": 0.4112, ""MEDIUM"": 0.4535, ""HARD"": 0.1353}","{""EASY"": 0.9667, ""MEDIUM"": 0.0167, ""HARD"": 0.0167}","{""EASY"": 0.8556, ""MEDIUM"": 0.104, ""HARD"": 0.0404}","{""r_acc"": 1.0, ""r_time"": 0.1559239312229259, ""r_prog"": 0.0, ""r_mom"": 0.09813680813098667, ""total"": 1.2540607393539125}"
average,87,EASY,True,11.6,0.6062,1.0,0.959,0.8,1.2105,0.5126,0.6173,"{""EASY"": 0.4069, ""MEDIUM"": 0.4538, ""HARD"": 0.1393}","{""EASY"": 0.9667, ""MEDIUM"": 0.0167, ""HARD"": 0.0167}","{""EASY"": 0.8547, ""MEDIUM"": 0.1041, ""HARD"": 0.0412}","{""r_acc"": 1.0, ""r_time"": 0.11146996650474378, ""r_prog"": 0.0, ""r_mom"": 0.0990390494225681, ""total"": 1.210509015927312}"
average,88,EASY,True,9.09,0.6153,1.0,0.9656,0.8,1.2583,-0.0664,0.1323,"{""EASY"": 0.4027, ""MEDIUM"": 0.4541, ""HARD"": 0.1432}","{""EASY"": 0.0167, ""MEDIUM"": 0.0167, ""HARD"": 0.9667}","{""EASY"": 0.0939, ""MEDIUM"": 0.1042, ""HARD"": 0.802}","{""r_acc"": 1.0, ""r_time"": 0.15879225251465937, ""r_prog"": 0.0, ""r_mom"": 0.09950547536867305, ""total"": 1.2582977278833325}"
average,89,MEDIUM,True,11.4,0.6319,1.0,0.9671,0.8,1.3136,0.0,0.2149,"{""EASY"": 0.3987, ""MEDIUM"": 0.4543, ""HARD"": 0.147}","{""EASY"": 0.9667, ""MEDIUM"": 0.0167, ""HARD"": 0.0167}","{""EASY"": 0.8531, ""MEDIUM"": 0.1042, ""HARD"": 0.0427}","{""r_acc"": 1.0, ""r_time"": 0.11381161431759168, ""r_prog"": 0.1, ""r_mom"": 0.09974579674738374, ""total"": 1.3135574110649755}"
average,90,MEDIUM,False,3.75,0.6002,0.8,0.7449,0.8,-0.2572,0.2149,0.1441,"{""EASY"": 0.3713, ""MEDIUM"": 0.4826, ""HARD"": 0.1461}","{""EASY"": 0.0167, ""MEDIUM"": 0.9667, ""HARD"": 0.0167}","{""EASY"": 0.0876, ""MEDIUM"": 0.8699, ""HARD"": 0.0425}","{""r_acc"": -0.5, ""r_time"": 0.24281538712380987, ""r_prog"": 0.0, ""r_mom"": 0.0, ""total"": -0.2571846128761901}"
average,91,EASY,False,5.72,0.5611,0.6,0.6371,0.6715,-0.288,0.0,-0.0432,"{""EASY"": 0.3843, ""MEDIUM"": 0.4822, ""HARD"": 0.1335}","{""EASY"": 0.9667, ""MEDIUM"": 0.0167, ""HARD"": 0.0167}","{""EASY"": 0.7753, ""MEDIUM"": 0.1696, ""HARD"": 0.055}","{""r_acc"": -0.5, ""r_time"": 0.21196963050993742, ""r_prog"": 0.0, ""r_mom"": 0.0, ""total"": -0.28803036949006255}"
average,92,EASY,True,11.32,0.5721,0.6,0.638,0.596,1.1383,0.0,0.2073,"{""EASY"": 0.567, ""MEDIUM"": 0.3098, ""HARD"": 0.1232}","{""EASY"": 0.9667, ""MEDIUM"": 0.0167, ""HARD"": 0.0167}","{""EASY"": 0.8052, ""MEDIUM"": 0.1351, ""HARD"": 0.0597}","{""r_acc"": 1.0, ""r_time"": 0.10615657051124082, ""r_prog"": 0.0, ""r_mom"": 0.032151273753163435, ""total"": 1.1383078442644043}"
average,93,HARD,False,9.41,0.5602,0.4,0.6381,0.5966,-0.3587,-0.0619,-0.07,"{""EASY"": 0.5628, ""MEDIUM"": 0.3101, ""HARD"": 0.1271}","{""EASY"": 0.9667, ""MEDIUM"": 0.0167, ""HARD"": 0.0167}","{""EASY"": 0.8038, ""MEDIUM"": 0.135, ""HARD"": 0.0612}","{""r_acc"": -0.5, ""r_time"": 0.1413129664760523, ""r_prog"": 0.0, ""r_mom"": 0.0, ""total"": -0.3586870335239477}"
average,94,HARD,False,12.97,0.5488,0.2,0.7285,0.5966,-0.4222,0.0,-0.0633,"{""EASY"": 0.3772, ""MEDIUM"": 0.281, ""HARD"": 0.3418}","{""EASY"": 0.0167, ""MEDIUM"": 0.9667, ""HARD"": 0.0167}","{""EASY"": 0.1621, ""MEDIUM"": 0.6901, ""HARD"": 0.1478}","{""r_acc"": -0.5, ""r_time"": 0.07780552437917039, ""r_prog"": 0.0, ""r_mom"": 0.0, ""total"": -0.4221944756208296}"
average,95,EASY,True,6.46,0.5603,0.4,0.6516,0.6599,1.2291,0.0,0.2761,"{""EASY"": 0.3813, ""MEDIUM"": 0.2798, ""HARD"": 0.3389}","{""EASY"": 0.9667, ""MEDIUM"": 0.0167, ""HARD"": 0.0167}","{""EASY"": 0.7676, ""MEDIUM"": 0.1061, ""HARD"": 0.1263}","{""r_acc"": 1.0, ""r_time"": 0.19690814458074818, ""r_prog"": 0.0, ""r_mom"": 0.032151273753163435, ""total"": 1.2290594183339116}"
average,96,EASY,True,12.1,0.5713,0.6,0.6676,0.6061,1.1498,0.6798,0.7503,"{""EASY"": 0.5673, ""MEDIUM"": 0.3098, ""HARD"": 0.1229}","{""EASY"": 0.9667, ""MEDIUM"": 0.0167, ""HARD"": 0.0167}","{""EASY"": 0.8093, ""MEDIUM"": 0.1321, ""HARD"": 0.0585}","{""r_acc"": 1.0, ""r_time"": 0.09154335827589656, ""r_prog"": 0.0, ""r_mom"": 0.05827829453479101, ""total"": 1.1498216528106877}"
average,97,EASY,False,7.36,0.5326,0.4,0.6592,0.6173,-0.3212,0.0,-0.0117,"{""EASY"": 0.5631, ""MEDIUM"": 0.31, ""HARD"": 0.1268}","{""EASY"": 0.9667, ""MEDIUM"": 0.0167, ""HARD"": 0.0167}","{""EASY"": 0.8123, ""MEDIUM"": 0.1289, ""HARD"": 0.0588}","{""r_acc"": -0.5, ""r_time"": 0.17882877041803896, ""r_prog"": 0.0, ""r_mom"": 0.0, ""total"": -0.32117122958196104}"
average,98,MEDIUM,False,4.74,0.5055,0.4,0.6379,0.6114,-0.2752,0.2698,0.1881,"{""EASY"": 0.5048, ""MEDIUM"": 0.3622, ""HARD"": 0.133}","{""EASY"": 0.0167, ""MEDIUM"": 0.9667, ""HARD"": 0.0167}","{""EASY"": 0.2063, ""MEDIUM"": 0.7318, ""HARD"": 0.0619}","{""r_acc"": -0.5, ""r_time"": 0.2247814491151914, ""r_prog"": 0.0, ""r_mom"": 0.0, ""total"": -0.2752185508848086}"
average,99,EASY,True,6.67,0.5187,0.6,0.6458,0.5965,1.2239,0.0,0.2158,"{""EASY"": 0.4242, ""MEDIUM"": 0.476, ""HARD"": 0.0998}","{""EASY"": 0.9667, ""MEDIUM"": 0.0167, ""HARD"": 0.0167}","{""EASY"": 0.7478, ""MEDIUM"": 0.202, ""HARD"": 0.0502}","{""r_acc"": 1.0, ""r_time"": 0.19175557686000125, ""r_prog"": 0.0, ""r_mom"": 0.032151273753163435, ""total"": 1.2239068506131647}"
fast_learning,0,EASY,True,8.78,0.5134,1.0,0.15,0.15,1.1822,0.0,0.1773,"{""EASY"": 0.4266, ""MEDIUM"": 0.4754, ""HARD"": 0.098}","{""EASY"": 0.8333, ""MEDIUM"": 0.0833, ""HARD"": 0.0833}","{""EASY"": 0.4876, ""MEDIUM"": 0.4166, ""HARD"": 0.0958}","{""r_acc"": 1.0, ""r_time"": 0.15, ""r_prog"": 0.0, ""r_mom"": 0.032151273753163435, ""total"": 1.1821512737531634}"
fast_learning,1,EASY,False,8.94,0.4764,0.5,0.2982,0.1552,-0.35,0.0,-0.0525,"{""EASY"": 0.5855, ""MEDIUM"": 0.3074, ""HARD"": 0.1071}","{""EASY"": 0.8383, ""MEDIUM"": 0.0808, ""HARD"": 0.0808}","{""EASY"": 0.6248, ""MEDIUM"": 0.2722, ""HARD"": 0.103}","{""r_acc"": -0.5, ""r_time"": 0.15, ""r_prog"": 0.0, ""r_mom"": 0.0, ""total"": -0.35}"
fast_learning,2,EASY,False,6.39,0.441,0.3333,0.3543,0.1709,-0.2,0.0,-0.03,"{""EASY"": 0.6006, ""MEDIUM"": 0.3037, ""HARD"": 0.0957}","{""EASY"": 0.8432, ""MEDIUM"": 0.0784, ""HARD"": 0.0784}","{""EASY"": 0.642, ""MEDIUM"": 0.2652, ""HARD"": 0.0927}","{""r_acc"": -0.5, ""r_time"": 0.29999999999997645, ""r_prog"": 0.0, ""r_mom"": 0.0, ""total"": -0.20000000000002355}"
fast_learning,3,MEDIUM,False,14.19,0.4203,0.25,0.4155,0.1872,-0.4985,0.0,-0.0748,"{""EASY"": 0.6002, ""MEDIUM"": 0.3107, ""HARD"": 0.0891}","{""EASY"": 0.8479, ""MEDIUM"": 0.0761, ""HARD"": 0.0761}","{""EASY"": 0.6466, ""MEDIUM"": 0.2668, ""HARD"": 0.0866}","{""r_acc"": -0.5, ""r_time"": 0.001531300620435204, ""r_prog"": 0.0, ""r_mom"": 0.0, ""total"": -0.4984686993795648}"
fast_learning,4,MEDIUM,True,5.01,0.4499,0.4,0.3896,0.2082,1.3819,0.0,0.2073,"{""EASY"": 0.4614, ""MEDIUM"": 0.4638, ""HARD"": 0.0749}","{""EASY"": 0.8525, ""MEDIUM"": 0.0738, ""HARD"": 0.0738}","{""EASY"": 0.5428, ""MEDIUM"": 0.3826, ""HARD"": 0.0747}","{""r_acc"": 1.0, ""r_time"": 0.24974269988165543, ""r_prog"": 0.1, ""r_mom"": 0.032151273753163435, ""total"": 1.381893973634819}"
fast_learning,5,EASY,False,9.39,0.4161,0.2,0.5363,0.2182,-0.3674,0.0,-0.0551,"{""EASY"": 0.4483, ""MEDIUM"": 0.4687, ""HARD"": 0.083}","{""EASY"": 0.8569, ""MEDIUM"": 0.0716, ""HARD"": 0.0716}","{""EASY"": 0.5375, ""MEDIUM"": 0.3821, ""HARD"": 0.0805}","{""r_acc"": -0.5, ""r_time"": 0.13258743849383553, ""r_prog"": 0.0, ""r_mom"": 0.0, ""total"": -0.36741256150616447}"
fast_learning,6,EASY,False,10.05,0.3844,0.2,0.5871,0.2626,-0.3825,0.0,-0.0574,"{""EASY"": 0.6266, ""MEDIUM"": 0.2944, ""HARD"": 0.079}","{""EASY"": 0.8612, ""MEDIUM"": 0.0694, ""HARD"": 0.0694}","{""EASY"": 0.6882, ""MEDIUM"": 0.2353, ""HARD"": 0.0765}","{""r_acc"": -0.5, ""r_time"": 0.11752310200024386, ""r_prog"": 0.0, ""r_mom"": 0.0, ""total"": -0.38247689799975615}"
fast_learning,7,EASY,True,6.5,0.4021,0.4,0.5417,0.2939,1.2463,0.0,0.1869,"{""EASY"": 0.641, ""MEDIUM"": 0.2879, ""HARD"": 0.0711}","{""EASY"": 0.8653, ""MEDIUM"": 0.0673, ""HARD"": 0.0673}","{""EASY"": 0.7069, ""MEDIUM"": 0.2231, ""HARD"": 0.07}","{""r_acc"": 1.0, ""r_time"": 0.2141216377316047, ""r_prog"": 0.0, ""r_mom"": 0.032151273753163435, ""total"": 1.2462729114847682}"
fast_learning,8,EASY,True,12.6,0.4192,0.6,0.6004,0.3017,1.1135,0.0,0.167,"{""EASY"": 0.5787, ""MEDIUM"": 0.3347, ""HARD"": 0.0866}","{""EASY"": 0.8694, ""MEDIUM"": 0.0653, ""HARD"": 0.0653}","{""EASY"": 0.6664, ""MEDIUM"": 0.2534, ""HARD"": 0.0801}","{""r_acc"": 1.0, ""r_time"": 0.0552514786584184, ""r_prog"": 0.0, ""r_mom"": 0.05827829453479101, ""total"": 1.1135297731932094}"
fast_learning,9,EASY,False,4.62,0.3873,0.4,0.6473,0.3391,-0.2503,0.0,-0.0375,"{""EASY"": 0.5686, ""MEDIUM"": 0.3396, ""HARD"": 0.0919}","{""EASY"": 0.8733, ""MEDIUM"": 0.0634, ""HARD"": 0.0634}","{""EASY"": 0.6719, ""MEDIUM"": 0.2459, ""HARD"": 0.0822}","{""r_acc"": -0.5, ""r_time"": 0.2496859831644504, ""r_prog"": 0.0, ""r_mom"": 0.0, ""total"": -0.2503140168355496}"
fast_learning,10,EASY,False,7.45,0.3578,0.4,0.6442,0.3766,-0.32,0.0,-0.048,"{""EASY"": 0.5876, ""MEDIUM"": 0.3302, ""HARD"": 0.0822}","{""EASY"": 0.8771, ""MEDIUM"": 0.0615, ""HARD"": 0.0615}","{""EASY"": 0.6966, ""MEDIUM"": 0.229, ""HARD"": 0.0744}","{""r_acc"": -0.5, ""r_time"": 0.17998529157580687, ""r_prog"": 0.0, ""r_mom"": 0.0, ""total"": -0.3200147084241931}"
fast_learning,11,EASY,False,10.23,0.3306,0.4,0.6439,0.398,-0.3932,0.0,-0.059,"{""EASY"": 0.6058, ""MEDIUM"": 0.3204, ""HARD"": 0.0738}","{""EASY"": 0.8808, ""MEDIUM"": 0.0596, ""HARD"": 0.0596}","{""EASY"": 0.7152, ""MEDIUM"": 0.2166, ""HARD"": 0.0682}","{""r_acc"": -0.5, ""r_time"": 0.10679564469285766, ""r_prog"": 0.0, ""r_mom"": 0.0, ""total"": -0.3932043553071424}"
fast_learning,12,HARD,True,6.13,0.3734,0.4,0.6421,0.4204,1.4467,0.0,0.217,"{""EASY"": 0.623, ""MEDIUM"": 0.3104, ""HARD"": 0.0666}","{""EASY"": 0.0578, ""MEDIUM"": 0.0578, ""HARD"": 0.8844}","{""EASY"": 0.3854, ""MEDIUM"": 0.2042, ""HARD"": 0.4104}","{""r_acc"": 1.0, ""r_time"": 0.21455782439361967, ""r_prog"": 0.2, ""r_mom"": 0.032151273753163435, ""total"": 1.4467090981467832}"
fast_learning,13,MEDIUM,False,6.29,0.3577,0.2,0.7541,0.4421,-0.2932,0.0,-0.044,"{""EASY"": 0.4507, ""MEDIUM"": 0.2463, ""HARD"": 0.303}","{""EASY"": 0.8878, ""MEDIUM"": 0.0561, ""HARD"": 0.0561}","{""EASY"": 0.644, ""MEDIUM"": 0.1622, ""HARD"": 0.1938}","{""r_acc"": -0.5, ""r_time"": 0.20683866528159034, ""r_prog"": 0.0, ""r_mom"": 0.0, ""total"": -0.29316133471840966}"
fast_learning,14,EASY,True,13.17,0.3762,0.4,0.6498,0.5195,1.0751,0.0,0.1613,"{""EASY"": 0.4894, ""MEDIUM"": 0.451, ""HARD"": 0.0596}","{""EASY"": 0.8912, ""MEDIUM"": 0.0544, ""HARD"": 0.0544}","{""EASY"": 0.6981, ""MEDIUM"": 0.245, ""HARD"": 0.0569}","{""r_acc"": 1.0, ""r_time"": 0.04297554815782701, ""r_prog"": 0.0, ""r_mom"": 0.032151273753163435, ""total"": 1.0751268219109906}"
fast_learning,15,EASY,False,12.09,0.3475,0.4,0.6513,0.4911,-0.4302,0.0,-0.0645,"{""EASY"": 0.6448, ""MEDIUM"": 0.286, ""HARD"": 0.0691}","{""EASY"": 0.8945, ""MEDIUM"": 0.0528, ""HARD"": 0.0528}","{""EASY"": 0.7674, ""MEDIUM"": 0.1715, ""HARD"": 0.0611}","{""r_acc"": -0.5, ""r_time"": 0.06978232090178833, ""r_prog"": 0.0, ""r_mom"": 0.0, ""total"": -0.4302176790982117}"
fast_learning,16,EASY,False,10.02,0.3212,0.4,0.6512,0.5147,-0.3795,0.0,-0.0569,"{""EASY"": 0.6586, ""MEDIUM"": 0.2789, ""HARD"": 0.0626}","{""EASY"": 0.8976, ""MEDIUM"": 0.0512, ""HARD"": 0.0512}","{""EASY"": 0.7816, ""MEDIUM"": 0.1617, ""HARD"": 0.0567}","{""r_acc"": -0.5, ""r_time"": 0.12050310450611702, ""r_prog"": 0.0, ""r_mom"": 0.0, ""total"": -0.379496895493883}"
fast_learning,17,MEDIUM,False,5.81,0.3094,0.2,0.7452,0.5375,-0.2748,0.0,-0.0412,"{""EASY"": 0.629, ""MEDIUM"": 0.3067, ""HARD"": 0.0643}","{""EASY"": 0.9007, ""MEDIUM"": 0.0497, ""HARD"": 0.0497}","{""EASY"": 0.775, ""MEDIUM"": 0.1686, ""HARD"": 0.0564}","{""r_acc"": -0.5, ""r_time"": 0.22518847668674846, ""r_prog"": 0.0, ""r_mom"": 0.0, ""total"": -0.27481152331325154}"
fast_learning,18,EASY,False,11.38,0.2864,0.2,0.7593,0.6195,-0.4146,0.0,-0.0622,"{""EASY"": 0.5117, ""MEDIUM"": 0.439, ""HARD"": 0.0493}","{""EASY"": 0.9037, ""MEDIUM"": 0.0482, ""HARD"": 0.0482}","{""EASY"": 0.7545, ""MEDIUM"": 0.1969, ""HARD"": 0.0486}","{""r_acc"": -0.5, ""r_time"": 0.08541131642126641, ""r_prog"": 0.0, ""r_mom"": 0.0, ""total"": -0.4145886835787336}"
fast_learning,19,EASY,False,12.36,0.2656,0.0,0.9535,0.6549,-0.4317,0.0,-0.0648,"{""EASY"": 0.6897, ""MEDIUM"": 0.2604, ""HARD"": 0.0499}","{""EASY"": 0.9066, ""MEDIUM"": 0.0467, ""HARD"": 0.0467}","{""EASY"": 0.8317, ""MEDIUM"": 0.1205, ""HARD"": 0.0478}","{""r_acc"": -0.5, ""r_time"": 0.06831693104353892, ""r_prog"": 0.0, ""r_mom"": 0.0, ""total"": -0.4316830689564611}"
fast_learning,20,EASY,False,5.3,0.2467,0.0,0.9355,0.8,-0.2633,0.0,-0.0395,"{""EASY"": 0.701, ""MEDIUM"": 0.2531, ""HARD"": 0.0459}","{""EASY"": 0.9094, ""MEDIUM"": 0.0453, ""HARD"": 0.0453}","{""EASY"": 0.8677, ""MEDIUM"": 0.0869, ""HARD"": 0.0454}","{""r_acc"": -0.5, ""r_time"": 0.23668891559357152, ""r_prog"": 0.0, ""r_mom"": 0.0, ""total"": -0.2633110844064285}"
fast_learning,21,HARD,False,12.02,0.2455,0.0,0.933,0.8,-0.4238,0.0,-0.0636,"{""EASY"": 0.7029, ""MEDIUM"": 0.2534, ""HARD"": 0.0437}","{""EASY"": 0.044, ""MEDIUM"": 0.044, ""HARD"": 0.9121}","{""EASY"": 0.1758, ""MEDIUM"": 0.0858, ""HARD"": 0.7384}","{""r_acc"": -0.5, ""r_time"": 0.07620247443965936, ""r_prog"": 0.0, ""r_mom"": 0.0, ""total"": -0.42379752556034067}"
fast_learning,22,HARD,False,15.62,0.2443,0.0,0.9408,0.8,-0.4716,0.0,-0.0707,"{""EASY"": 0.5099, ""MEDIUM"": 0.2048, ""HARD"": 0.2853}","{""EASY"": 0.0426, ""MEDIUM"": 0.0426, ""HARD"": 0.9147}","{""EASY"": 0.1361, ""MEDIUM"": 0.0751, ""HARD"": 0.7888}","{""r_acc"": -0.5, ""r_time"": 0.02836239543507421, ""r_prog"": 0.0, ""r_mom"": 0.0, ""total"": -0.47163760456492576}"
fast_learning,23,MEDIUM,False,5.06,0.2374,0.0,0.9168,0.8,-0.2617,0.0,-0.0392,"{""EASY"": 0.5105, ""MEDIUM"": 0.2043, ""HARD"": 0.2852}","{""EASY"": 0.0414, ""MEDIUM"": 0.9173, ""HARD"": 0.0414}","{""EASY"": 0.1352, ""MEDIUM"": 0.7747, ""HARD"": 0.0901}","{""r_acc"": -0.5, ""r_time"": 0.23834420212105228, ""r_prog"": 0.0, ""r_mom"": 0.0, ""total"": -0.2616557978789477}"
fast_learning,24,EASY,True,13.95,0.2576,0.2,0.7232,0.7918,1.0867,-0.0622,0.1101,"{""EASY"": 0.546, ""MEDIUM"": 0.418, ""HARD"": 0.036}","{""EASY"": 0.0401, ""MEDIUM"": 0.9198, ""HARD"": 0.0401}","{""EASY"": 0.1454, ""MEDIUM"": 0.8153, ""HARD"": 0.0393}","{""r_acc"": 1.0, ""r_time"": 0.05454966610679224, ""r_prog"": 0.0, ""r_mom"": 0.032151273753163435, ""total"": 1.0867009398599556}"
fast_learning,25,EASY,False,8.39,0.2395,0.2,0.7385,0.6562,-0.3285,0.0,-0.0493,"{""EASY"": 0.7054, ""MEDIUM"": 0.2502, ""HARD"": 0.0444}","{""EASY"": 0.9222, ""MEDIUM"": 0.0389, ""HARD"": 0.0389}","{""EASY"": 0.8477, ""MEDIUM"": 0.1115, ""HARD"": 0.0408}","{""r_acc"": -0.5, ""r_time"": 0.1714754797568763, ""r_prog"": 0.0, ""r_mom"": 0.0, ""total"": -0.32852452024312373}"
fast_learning,26,EASY,False,8.15,0.2231,0.2,0.7312,0.667,-0.3235,0.0,-0.0485,"{""EASY"": 0.7156, ""MEDIUM"": 0.2432, ""HARD"": 0.0411}","{""EASY"": 0.9245, ""MEDIUM"": 0.0377, ""HARD"": 0.0377}","{""EASY"": 0.8549, ""MEDIUM"": 0.1062, ""HARD"": 0.0389}","{""r_acc"": -0.5, ""r_time"": 0.17650827001634092, ""r_prog"": 0.0, ""r_mom"": 0.0, ""total"": -0.32349172998365905}"
fast_learning,27,EASY,False,6.1,0.2083,0.2,0.7341,0.6618,-0.2808,0.0,-0.0421,"{""EASY"": 0.7174, ""MEDIUM"": 0.2433, ""HARD"": 0.0394}","{""EASY"": 0.9268, ""MEDIUM"": 0.0366, ""HARD"": 0.0366}","{""EASY"": 0.8559, ""MEDIUM"": 0.1065, ""HARD"": 0.0375}","{""r_acc"": -0.5, ""r_time"": 0.2192458301173159, ""r_prog"": 0.0, ""r_mom"": 0.0, ""total"": -0.2807541698826841}"
fast_learning,28,EASY,False,14.51,0.1948,0.2,0.7419,0.6639,-0.4537,0.0,-0.068,"{""EASY"": 0.7267, ""MEDIUM"": 0.2366, ""HARD"": 0.0368}","{""EASY"": 0.929, ""MEDIUM"": 0.0355, ""HARD"": 0.0355}","{""EASY"": 0.861, ""MEDIUM"": 0.1031, ""HARD"": 0.0359}","{""r_acc"": -0.5, ""r_time"": 0.046342454854195324, ""r_prog"": 0.0, ""r_mom"": 0.0, ""total"": -0.4536575451458047}"
fast_learning,29,EASY,True,6.83,0.2145,0.2,0.7402,0.6694,1.2371,0.0,0.1856,"{""EASY"": 0.7353, ""MEDIUM"": 0.2302, ""HARD"": 0.0345}","{""EASY"": 0.9311, ""MEDIUM"": 0.0345, ""HARD"": 0.0345}","{""EASY"": 0.8664, ""MEDIUM"": 0.0992, ""HARD"": 0.0345}","{""r_acc"": 1.0, ""r_time"": 0.2049309079533247, ""r_prog"": 0.0, ""r_mom"": 0.032151273753163435, ""total"": 1.237082181706488}"
fast_learning,30,EASY,False,5.67,0.2005,0.2,0.7294,0.6682,-0.2746,0.0,-0.0412,"{""EASY"": 0.7227, ""MEDIUM"": 0.2394, ""HARD"": 0.0378}","{""EASY"": 0.9332, ""MEDIUM"": 0.0334, ""HARD"": 0.0334}","{""EASY"": 0.8633, ""MEDIUM"": 0.1018, ""HARD"": 0.0349}","{""r_acc"": -0.5, ""r_time"": 0.22544699984004576, ""r_prog"": 0.0, ""r_mom"": 0.0, ""total"": -0.2745530001599542}"
fast_learning,31,HARD,False,8.91,0.1998,0.2,0.7306,0.6606,-0.345,0.0,-0.0517,"{""EASY"": 0.7317, ""MEDIUM"": 0.2329, ""HARD"": 0.0354}","{""EASY"": 0.0324, ""MEDIUM"": 0.0324, ""HARD"": 0.9352}","{""EASY"": 0.2698, ""MEDIUM"": 0.1005, ""HARD"": 0.6298}","{""r_acc"": -0.5, ""r_time"": 0.15504500831419235, ""r_prog"": 0.0, ""r_mom"": 0.0, ""total"": -0.3449549916858077}"
fast_learning,32,EASY,False,10.31,0.1872,0.2,0.7412,0.6614,-0.3775,0.0,-0.0566,"{""EASY"": 0.5333, ""MEDIUM"": 0.1865, ""HARD"": 0.2802}","{""EASY"": 0.9371, ""MEDIUM"": 0.0314, ""HARD"": 0.0314}","{""EASY"": 0.8004, ""MEDIUM"": 0.0839, ""HARD"": 0.1157}","{""r_acc"": -0.5, ""r_time"": 0.12249513573059939, ""r_prog"": 0.0, ""r_mom"": 0.0, ""total"": -0.3775048642694006}"
fast_learning,33,HARD,False,10.91,0.1866,0.2,0.761,0.6689,-0.3907,0.0,-0.0586,"{""EASY"": 0.7469, ""MEDIUM"": 0.2207, ""HARD"": 0.0323}","{""EASY"": 0.0305, ""MEDIUM"": 0.0305, ""HARD"": 0.939}","{""EASY"": 0.2677, ""MEDIUM"": 0.0935, ""HARD"": 0.6388}","{""r_acc"": -0.5, ""r_time"": 0.10926202715719717, ""r_prog"": 0.0, ""r_mom"": 0.0, ""total"": -0.3907379728428028}"
fast_learning,34,MEDIUM,False,7.22,0.1827,0.0,0.9548,0.6827,-0.3036,0.0,-0.0238,"{""EASY"": 0.5403, ""MEDIUM"": 0.1808, ""HARD"": 0.2788}","{""EASY"": 0.0296, ""MEDIUM"": 0.9408, ""HARD"": 0.0296}","{""EASY"": 0.1916, ""MEDIUM"": 0.6997, ""HARD"": 0.1087}","{""r_acc"": -0.5, ""r_time"": 0.19636972697517271, ""r_prog"": 0.0, ""r_mom"": 0.0, ""total"": -0.30363027302482726}"
fast_learning,35,EASY,False,11.52,0.1717,0.0,0.9684,0.8,-0.4047,0.1613,0.0711,"{""EASY"": 0.5732, ""MEDIUM"": 0.3995, ""HARD"": 0.0274}","{""EASY"": 0.9426, ""MEDIUM"": 0.0287, ""HARD"": 0.0287}","{""EASY"": 0.8687, ""MEDIUM"": 0.1029, ""HARD"": 0.0284}","{""r_acc"": -0.5, ""r_time"": 0.09527090523302263, ""r_prog"": 0.0, ""r_mom"": 0.0, ""total"": -0.4047290947669774}"
fast_learning,36,MEDIUM,False,10.45,0.1685,0.0,0.9704,0.8,-0.3797,-0.0392,-0.0903,"{""EASY"": 0.7568, ""MEDIUM"": 0.2134, ""HARD"": 0.0299}","{""EASY"": 0.0278, ""MEDIUM"": 0.9443, ""HARD"": 0.0278}","{""EASY"": 0.1736, ""MEDIUM"": 0.7981, ""HARD"": 0.0282}","{""r_acc"": -0.5, ""r_time"": 0.12031964010982957, ""r_prog"": 0.0, ""r_mom"": 0.0, ""total"": -0.37968035989017046}"
fast_learning,37,MEDIUM,False,13.66,0.1654,0.0,0.9613,0.8,-0.4431,0.0,-0.0718,"{""EASY"": 0.5805, ""MEDIUM"": 0.3943, ""HARD"": 0.0253}","{""EASY"": 0.027, ""MEDIUM"": 0.027, ""HARD"": 0.946}","{""EASY"": 0.1377, ""MEDIUM"": 0.1005, ""HARD"": 0.7619}","{""r_acc"": -0.5, ""r_time"": 0.05691727363533189, ""r_prog"": 0.0, ""r_mom"": 0.0, ""total"": -0.4430827263646681}"
fast_learning,38,EASY,True,7.47,0.1841,0.2,0.7593,0.8,1.2269,-0.0395,0.1505,"{""EASY"": 0.5821, ""MEDIUM"": 0.3931, ""HARD"": 0.0248}","{""EASY"": 0.9476, ""MEDIUM"": 0.0262, ""HARD"": 0.0262}","{""EASY"": 0.8745, ""MEDIUM"": 0.0996, ""HARD"": 0.0259}","{""r_acc"": 1.0, ""r_time"": 0.19477890463824923, ""r_prog"": 0.0, ""r_mom"": 0.032151273753163435, ""total"": 1.2269301783914128}"
fast_learning,39,EASY,True,10.48,0.2034,0.4,0.6747,0.6815,1.18,0.0,0.177,"{""EASY"": 0.7489, ""MEDIUM"": 0.2193, ""HARD"": 0.0318}","{""EASY"": 0.9492, ""MEDIUM"": 0.0254, ""HARD"": 0.0254}","{""EASY"": 0.8854, ""MEDIUM"": 0.0872, ""HARD"": 0.0274}","{""r_acc"": 1.0, ""r_time"": 0.12170616625964074, ""r_prog"": 0.0, ""r_mom"": 0.05827829453479101, ""total"": 1.1799844607944319}"
fast_learning,40,EASY,True,12.79,0.2232,0.6,0.6727,0.6223,1.1488,0.0,0.1723,"{""EASY"": 0.7369, ""MEDIUM"": 0.2282, ""HARD"": 0.035}","{""EASY"": 0.9507, ""MEDIUM"": 0.0246, ""HARD"": 0.0246}","{""EASY"": 0.8699, ""MEDIUM"": 0.1015, ""HARD"": 0.0285}","{""r_acc"": 1.0, ""r_time"": 0.07265864703345751, ""r_prog"": 0.0, ""r_mom"": 0.07615941559557649, ""total"": 1.148818062629034}"
fast_learning,41,EASY,True,11.22,0.2433,0.8,0.7695,0.6209,1.1941,0.0,0.1791,"{""EASY"": 0.6957, ""MEDIUM"": 0.2619, ""HARD"": 0.0424}","{""EASY"": 0.9522, ""MEDIUM"": 0.0239, ""HARD"": 0.0239}","{""EASY"": 0.855, ""MEDIUM"": 0.1141, ""HARD"": 0.0309}","{""r_acc"": 1.0, ""r_time"": 0.10708335765833284, ""r_prog"": 0.0, ""r_mom"": 0.0870061661742672, ""total"": 1.1940895238326}"
fast_learning,42,EASY,True,11.69,0.2635,1.0,0.9666,0.6886,1.1902,0.0,0.1785,"{""EASY"": 0.5765, ""MEDIUM"": 0.3841, ""HARD"": 0.0393}","{""EASY"": 0.9536, ""MEDIUM"": 0.0232, ""HARD"": 0.0232}","{""EASY"": 0.8362, ""MEDIUM"": 0.1356, ""HARD"": 0.0282}","{""r_acc"": 1.0, ""r_time"": 0.09712851595049739, ""r_prog"": 0.0, ""r_mom"": 0.09311096086675777, ""total"": 1.190239476817255}"
fast_learning,43,EASY,True,12.6,0.2836,1.0,0.9854,0.8,1.1754,0.0,0.1763,"{""EASY"": 0.5658, ""MEDIUM"": 0.3911, ""HARD"": 0.0431}","{""EASY"": 0.955, ""MEDIUM"": 0.0225, ""HARD"": 0.0225}","{""EASY"": 0.8772, ""MEDIUM"": 0.0962, ""HARD"": 0.0266}","{""r_acc"": 1.0, ""r_time"": 0.07904346741066105, ""r_prog"": 0.0, ""r_mom"": 0.09640275800758169, ""total"": 1.1754462254182427}"
fast_learning,44,EASY,False,6.63,0.2631,0.8,0.767,0.8,-0.2811,0.1763,0.1077,"{""EASY"": 0.5553, ""MEDIUM"": 0.3977, ""HARD"": 0.047}","{""EASY"": 0.9564, ""MEDIUM"": 0.0218, ""HARD"": 0.0218}","{""EASY"": 0.8762, ""MEDIUM"": 0.097, ""HARD"": 0.0268}","{""r_acc"": -0.5, ""r_time"": 0.21889624507904856, ""r_prog"": 0.0, ""r_mom"": 0.0, ""total"": -0.2811037549209514}"
fast_learning,45,MEDIUM,True,10.69,0.2949,0.8,0.7689,0.6869,1.2534,0.0,0.2121,"{""EASY"": 0.5661, ""MEDIUM"": 0.3909, ""HARD"": 0.043}","{""EASY"": 0.9577, ""MEDIUM"": 0.0212, ""HARD"": 0.0212}","{""EASY"": 0.8351, ""MEDIUM"": 0.137, ""HARD"": 0.028}","{""r_acc"": 1.0, ""r_time"": 0.12124704962016371, ""r_prog"": 0.1, ""r_mom"": 0.032151273753163435, ""total"": 1.2533983233733272}"
fast_learning,46,MEDIUM,True,9.02,0.3273,0.8,0.7662,0.6882,1.3219,0.0,0.2224,"{""EASY"": 0.5185, ""MEDIUM"": 0.4351, ""HARD"": 0.0465}","{""EASY"": 0.9589, ""MEDIUM"": 0.0205, ""HARD"": 0.0205}","{""EASY"": 0.8216, ""MEDIUM"": 0.1498, ""HARD"": 0.0286}","{""r_acc"": 1.0, ""r_time"": 0.16364206865387698, ""r_prog"": 0.1, ""r_mom"": 0.05827829453479101, ""total"": 1.3219203631886682}"
fast_learning,47,MEDIUM,True,6.41,0.3597,0.8,0.7557,0.6864,1.3994,0.2224,0.3989,"{""EASY"": 0.5034, ""MEDIUM"": 0.4436, ""HARD"": 0.053}","{""EASY"": 0.0199, ""MEDIUM"": 0.9602, ""HARD"": 0.0199}","{""EASY"": 0.1715, ""MEDIUM"": 0.7982, ""HARD"": 0.0303}","{""r_acc"": 1.0, ""r_time"": 0.22325628335722758, ""r_prog"": 0.1, ""r_mom"": 0.07615941559557649, ""total"": 1.3994156989528042}"
fast_learning,48,EASY,False,11.2,0.3324,0.6,0.6667,0.679,-0.3929,0.0,-0.0589,"{""EASY"": 0.491, ""MEDIUM"": 0.2607, ""HARD"": 0.2483}","{""EASY"": 0.9614, ""MEDIUM"": 0.0193, ""HARD"": 0.0193}","{""EASY"": 0.8104, ""MEDIUM"": 0.0968, ""HARD"": 0.0928}","{""r_acc"": -0.5, ""r_time"": 0.10711303225251653, ""r_prog"": 0.0, ""r_mom"": 0.0, ""total"": -0.39288696774748344}"
fast_learning,49,MEDIUM,False,5.12,0.3197,0.6,0.6561,0.6167,-0.2544,0.0,-0.0382,"{""EASY"": 0.6661, ""MEDIUM"": 0.2747, ""HARD"": 0.0592}","{""EASY"": 0.9625, ""MEDIUM"": 0.0187, ""HARD"": 0.0187}","{""EASY"": 0.8489, ""MEDIUM"": 0.1168, ""HARD"": 0.0343}","{""r_acc"": -0.5, ""r_time"": 0.24556952345147, ""r_prog"": 0.0, ""r_mom"": 0.0, ""total"": -0.25443047654853}"
fast_learning,50,HARD,False,9.26,0.3172,0.4,0.6592,0.6093,-0.3457,0.0,-0.0519,"{""EASY"": 0.5069, ""MEDIUM"": 0.4417, ""HARD"": 0.0514}","{""EASY"": 0.0182, ""MEDIUM"": 0.0182, ""HARD"": 0.9637}","{""EASY"": 0.2091, ""MEDIUM"": 0.1837, ""HARD"": 0.6072}","{""r_acc"": -0.5, ""r_time"": 0.15432329261798605, ""r_prog"": 0.0, ""r_mom"": 0.0, ""total"": -0.34567670738201395}"
fast_learning,51,EASY,True,10.72,0.3367,0.4,0.6561,0.6114,1.1501,0.0,0.1725,"{""EASY"": 0.4756, ""MEDIUM"": 0.2298, ""HARD"": 0.2946}","{""EASY"": 0.9647, ""MEDIUM"": 0.0176, ""HARD"": 0.0176}","{""EASY"": 0.7747, ""MEDIUM"": 0.1001, ""HARD"": 0.1252}","{""r_acc"": 1.0, ""r_time"": 0.11794090989160005, ""r_prog"": 0.0, ""r_mom"": 0.032151273753163435, ""total"": 1.1500921836447635}"
fast_learning,52,MEDIUM,False,3.07,0.3237,0.2,0.7263,0.6093,-0.2308,0.0,-0.0198,"{""EASY"": 0.6639, ""MEDIUM"": 0.2759, ""HARD"": 0.0602}","{""EASY"": 0.9658, ""MEDIUM"": 0.0171, ""HARD"": 0.0171}","{""EASY"": 0.8478, ""MEDIUM"": 0.1182, ""HARD"": 0.0339}","{""r_acc"": -0.5, ""r_time"": 0.2691868112702273, ""r_prog"": 0.0, ""r_mom"": 0.0, ""total"": -0.2308131887297727}"
fast_learning,53,EASY,False,13.78,0.2995,0.2,0.7162,0.6584,-0.4421,0.1101,0.0476,"{""EASY"": 0.505, ""MEDIUM"": 0.4427, ""HARD"": 0.0522}","{""EASY"": 0.9667, ""MEDIUM"": 0.0167, ""HARD"": 0.0167}","{""EASY"": 0.809, ""MEDIUM"": 0.1622, ""HARD"": 0.0288}","{""r_acc"": -0.5, ""r_time"": 0.05790538688829071, ""r_prog"": 0.0, ""r_mom"": 0.0, ""total"": -0.4420946131117093}"
fast_learning,54,EASY,False,8.39,0.2774,0.2,0.7305,0.6513,-0.3253,0.1505,0.0791,"{""EASY"": 0.6828, ""MEDIUM"": 0.2648, ""HARD"": 0.0524}","{""EASY"": 0.9667, ""MEDIUM"": 0.0167, ""HARD"": 0.0167}","{""EASY"": 0.8677, ""MEDIUM"": 0.1032, ""HARD"": 0.0291}","{""r_acc"": -0.5, ""r_time"": 0.17465003344996724, ""r_prog"": 0.0, ""r_mom"": 0.0, ""total"": -0.3253499665500328}"
fast_learning,55,HARD,True,8.94,0.3174,0.4,0.634,0.6614,1.3954,0.0,0.2093,"{""EASY"": 0.6945, ""MEDIUM"": 0.2574, ""HARD"": 0.0481}","{""EASY"": 0.0167, ""MEDIUM"": 0.0167, ""HARD"": 0.9667}","{""EASY"": 0.2462, ""MEDIUM"": 0.0982, ""HARD"": 0.6556}","{""r_acc"": 1.0, ""r_time"": 0.16326074872449098, ""r_prog"": 0.2, ""r_mom"": 0.032151273753163435, ""total"": 1.3954120224776545}"
fast_learning,56,EASY,True,5.12,0.3369,0.4,0.6189,0.5938,1.3014,0.0,0.1952,"{""EASY"": 0.4756, ""MEDIUM"": 0.2299, ""HARD"": 0.2946}","{""EASY"": 0.9667, ""MEDIUM"": 0.0167, ""HARD"": 0.0167}","{""EASY"": 0.7672, ""MEDIUM"": 0.1033, ""HARD"": 0.1296}","{""r_acc"": 1.0, ""r_time"": 0.24312016317216062, ""r_prog"": 0.0, ""r_mom"": 0.05827829453479101, ""total"": 1.3013984577069517}"
fast_learning,57,MEDIUM,False,3.76,0.3239,0.4,0.6249,0.5832,-0.2412,0.0,-0.0362,"{""EASY"": 0.6638, ""MEDIUM"": 0.276, ""HARD"": 0.0602}","{""EASY"": 0.9667, ""MEDIUM"": 0.0167, ""HARD"": 0.0167}","{""EASY"": 0.8404, ""MEDIUM"": 0.1247, ""HARD"": 0.0348}","{""r_acc"": -0.5, ""r_time"": 0.2588069703715827, ""r_prog"": 0.0, ""r_mom"": 0.0, ""total"": -0.24119302962841732}"
fast_learning,58,MEDIUM,False,14.26,0.3119,0.4,0.6219,0.5874,-0.4493,0.0,-0.0674,"{""EASY"": 0.5049, ""MEDIUM"": 0.4428, ""HARD"": 0.0523}","{""EASY"": 0.0167, ""MEDIUM"": 0.9667, ""HARD"": 0.0167}","{""EASY"": 0.2181, ""MEDIUM"": 0.7505, ""HARD"": 0.0314}","{""r_acc"": -0.5, ""r_time"": 0.05074156006357861, ""r_prog"": 0.0, ""r_mom"": 0.0, ""total"": -0.4492584399364214}"
fast_learning,59,HARD,True,7.28,0.3538,0.6,0.6191,0.5853,1.4292,0.0,0.2144,"{""EASY"": 0.5105, ""MEDIUM"": 0.4397, ""HARD"": 0.0498}","{""EASY"": 0.0167, ""MEDIUM"": 0.0167, ""HARD"": 0.9667}","{""EASY"": 0.2215, ""MEDIUM"": 0.1921, ""HARD"": 0.5865}","{""r_acc"": 1.0, ""r_time"": 0.1970543590868317, ""r_prog"": 0.2, ""r_mom"": 0.032151273753163435, ""total"": 1.4292056328399951}"
fast_learning,60,HARD,False,7.64,0.3506,0.4,0.617,0.5834,-0.3087,0.0,-0.017,"{""EASY"": 0.4592, ""MEDIUM"": 0.2408, ""HARD"": 0.2999}","{""EASY"": 0.9667, ""MEDIUM"": 0.0167, ""HARD"": 0.0167}","{""EASY"": 0.7553, ""MEDIUM"": 0.1101, ""HARD"": 0.1347}","{""r_acc"": -0.5, ""r_time"": 0.19126116287154776, ""r_prog"": 0.0, ""r_mom"": 0.0, ""total"": -0.30873883712845224}"
fast_learning,61,HARD,False,15.51,0.3474,0.2,0.7157,0.5819,-0.4634,0.217,0.14,"{""EASY"": 0.4607, ""MEDIUM"": 0.2399, ""HARD"": 0.2994}","{""EASY"": 0.0167, ""MEDIUM"": 0.0167, ""HARD"": 0.9667}","{""EASY"": 0.2023, ""MEDIUM"": 0.11, ""HARD"": 0.6877}","{""r_acc"": -0.5, ""r_time"": 0.03659059588706937, ""r_prog"": 0.0, ""r_mom"": 0.0, ""total"": -0.46340940411293063}"
fast_learning,62,EASY,False,11.02,0.3211,0.2,0.7479,0.651,-0.3848,0.1856,0.0968,"{""EASY"": 0.523, ""MEDIUM"": 0.4164, ""HARD"": 0.0606}","{""EASY"": 0.9667, ""MEDIUM"": 0.0167, ""HARD"": 0.0167}","{""EASY"": 0.8118, ""MEDIUM"": 0.1562, ""HARD"": 0.032}","{""r_acc"": -0.5, ""r_time"": 0.11519878036961949, ""r_prog"": 0.0, ""r_mom"": 0.0, ""total"": -0.3848012196303805}"
fast_learning,63,MEDIUM,False,9.54,0.3093,0.2,0.7495,0.6735,-0.3487,-0.0238,-0.0757,"{""EASY"": 0.6717, ""MEDIUM"": 0.2714, ""HARD"": 0.0569}","{""EASY"": 0.0167, ""MEDIUM"": 0.9667, ""HARD"": 0.0167}","{""EASY"": 0.2305, ""MEDIUM"": 0.7397, ""HARD"": 0.0298}","{""r_acc"": -0.5, ""r_time"": 0.15125413592244244, ""r_prog"": 0.0, ""r_mom"": 0.0, ""total"": -0.3487458640775576}"
fast_learning,64,MEDIUM,True,3.38,0.3417,0.2,0.7234,0.6747,1.3962,-0.0757,0.1451,"{""EASY"": 0.5117, ""MEDIUM"": 0.439, ""HARD"": 0.0493}","{""EASY"": 0.9667, ""MEDIUM"": 0.0167, ""HARD"": 0.0167}","{""EASY"": 0.8187, ""MEDIUM"": 0.1541, ""HARD"": 0.0273}","{""r_acc"": 1.0, ""r_time"": 0.26403718639523693, ""r_prog"": 0.1, ""r_mom"": 0.032151273753163435, ""total"": 1.3961884601484005}"
fast_learning,65,EASY,True,10.16,0.3606,0.4,0.6337,0.6564,1.1922,0.0,0.2052,"{""EASY"": 0.4967, ""MEDIUM"": 0.4472, ""HARD"": 0.0561}","{""EASY"": 0.9667, ""MEDIUM"": 0.0167, ""HARD"": 0.0167}","{""EASY"": 0.8052, ""MEDIUM"": 0.1646, ""HARD"": 0.0302}","{""r_acc"": 1.0, ""r_time"": 0.13396357619641683, ""r_prog"": 0.0, ""r_mom"": 0.05827829453479101, ""total"": 1.192241870731208}"
fast_learning,66,EASY,False,12.0,0.3332,0.4,0.6461,0.5936,-0.4071,0.1952,0.1049,"{""EASY"": 0.6522, ""MEDIUM"": 0.2823, ""HARD"": 0.0655}","{""EASY"": 0.9667, ""MEDIUM"": 0.0167, ""HARD"": 0.0167}","{""EASY"": 0.8389, ""MEDIUM"": 0.1246, ""HARD"": 0.0365}","{""r_acc"": -0.5, ""r_time"": 0.09287620218996984, ""r_prog"": 0.0, ""r_mom"": 0.0, ""total"": -0.40712379781003016}"
fast_learning,67,MEDIUM,True,7.45,0.3655,0.6,0.6427,0.6023,1.3276,0.0,0.1991,"{""EASY"": 0.6656, ""MEDIUM"": 0.2749, ""HARD"": 0.0594}","{""EASY"": 0.9667, ""MEDIUM"": 0.0167, ""HARD"": 0.0167}","{""EASY"": 0.8469, ""MEDIUM"": 0.1194, ""HARD"": 0.0337}","{""r_acc"": 1.0, ""r_time"": 0.19543355386426337, ""r_prog"": 0.1, ""r_mom"": 0.032151273753163435, ""total"": 1.327584827617427}"
fast_learning,68,MEDIUM,False,5.53,0.3504,0.6,0.6315,0.5999,-0.2673,0.0,-0.0401,"{""EASY"": 0.4859, ""MEDIUM"": 0.4527, ""HARD"": 0.0614}","{""EASY"": 0.9667, ""MEDIUM"": 0.0167, ""HARD"": 0.0167}","{""EASY"": 0.7743, ""MEDIUM"": 0.1911, ""HARD"": 0.0346}","{""r_acc"": -0.5, ""r_time"": 0.2327044357025565, ""r_prog"": 0.0, ""r_mom"": 0.0, ""total"": -0.2672955642974435}"
fast_learning,69,EASY,True,9.26,0.3691,0.6,0.6618,0.5921,1.1849,0.0,0.1777,"{""EASY"": 0.4927, ""MEDIUM"": 0.4493, ""HARD"": 0.058}","{""EASY"": 0.9667, ""MEDIUM"": 0.0167, ""HARD"": 0.0167}","{""EASY"": 0.7733, ""MEDIUM"": 0.1931, ""HARD"": 0.0335}","{""r_acc"": 1.0, ""r_time"": 0.15276095405005902, ""r_prog"": 0.0, ""r_mom"": 0.032151273753163435, ""total"": 1.1849122278032225}"
fast_learning,70,EASY,True,5.54,0.3873,0.6,0.6503,0.6133,1.2876,0.0,0.1931,"{""EASY"": 0.6482, ""MEDIUM"": 0.2844, ""HARD"": 0.0675}","{""EASY"": 0.9667, ""MEDIUM"": 0.0167, ""HARD"": 0.0167}","{""EASY"": 0.8435, ""MEDIUM"": 0.1202, ""HARD"": 0.0363}","{""r_acc"": 1.0, ""r_time"": 0.2293682125005543, ""r_prog"": 0.0, ""r_mom"": 0.05827829453479101, ""total"": 1.2876465070353453}"
fast_learning,71,EASY,True,6.71,0.4049,0.8,0.7677,0.6052,1.2841,0.0,0.1926,"{""EASY"": 0.6397, ""MEDIUM"": 0.2886, ""HARD"": 0.0718}","{""EASY"": 0.9667, ""MEDIUM"": 0.0167, ""HARD"": 0.0167}","{""EASY"": 0.8376, ""MEDIUM"": 0.124, ""HARD"": 0.0384}","{""r_acc"": 1.0, ""r_time"": 0.20792786858262155, ""r_prog"": 0.0, ""r_mom"": 0.07615941559557649, ""total"": 1.284087284178198}"
fast_learning,72,MEDIUM,False,1.0,0.3868,0.6,0.6166,0.6874,-0.2214,0.0,-0.0092,"{""EASY"": 0.4949, ""MEDIUM"": 0.4302, ""HARD"": 0.0749}","{""EASY"": 0.9667, ""MEDIUM"": 0.0167, ""HARD"": 0.0167}","{""EASY"": 0.8192, ""MEDIUM"": 0.1459, ""HARD"": 0.0349}","{""r_acc"": -0.5, ""r_time"": 0.2786417796603173, ""r_prog"": 0.0, ""r_mom"": 0.0, ""total"": -0.22135822033968272}"
fast_learning,73,EASY,True,9.24,0.4044,0.8,0.7122,0.5816,1.175,0.1777,0.3273,"{""EASY"": 0.4763, ""MEDIUM"": 0.4573, ""HARD"": 0.0664}","{""EASY"": 0.9667, ""MEDIUM"": 0.0167, ""HARD"": 0.0167}","{""EASY"": 0.7615, ""MEDIUM"": 0.201, ""HARD"": 0.0375}","{""r_acc"": 1.0, ""r_time"": 0.1428653025145489, ""r_prog"": 0.0, ""r_mom"": 0.032151273753163435, ""total"": 1.1750165762677125}"
fast_learning,74,EASY,True,8.53,0.4215,0.8,0.7141,0.6486,1.2194,0.0,0.1829,"{""EASY"": 0.6318, ""MEDIUM"": 0.2922, ""HARD"": 0.076}","{""EASY"": 0.9667, ""MEDIUM"": 0.0167, ""HARD"": 0.0167}","{""EASY"": 0.849, ""MEDIUM"": 0.1135, ""HARD"": 0.0375}","{""r_acc"": 1.0, ""r_time"": 0.1611593187819509, ""r_prog"": 0.0, ""r_mom"": 0.05827829453479101, ""total"": 1.219437613316742}"
fast_learning,75,EASY,True,1.0,0.4379,0.8,0.6719,0.6499,1.3537,0.1829,0.3585,"{""EASY"": 0.6242, ""MEDIUM"": 0.2954, ""HARD"": 0.0804}","{""EASY"": 0.9667, ""MEDIUM"": 0.0167, ""HARD"": 0.0167}","{""EASY"": 0.8468, ""MEDIUM"": 0.1143, ""HARD"": 0.039}","{""r_acc"": 1.0, ""r_time"": 0.2775158746714706, ""r_prog"": 0.0, ""r_mom"": 0.07615941559557649, ""total"": 1.353675290267047}"
fast_learning,76,EASY,True,3.13,0.4538,0.8,0.6505,0.6204,1.3401,0.0,0.201,"{""EASY"": 0.4791, ""MEDIUM"": 0.4368, ""HARD"": 0.0841}","{""EASY"": 0.9667, ""MEDIUM"": 0.0167, ""HARD"": 0.0167}","{""EASY"": 0.7816, ""MEDIUM"": 0.1762, ""HARD"": 0.0423}","{""r_acc"": 1.0, ""r_time"": 0.25312265028353165, ""r_prog"": 0.0, ""r_mom"": 0.0870061661742672, ""total"": 1.340128816457799}"
fast_learning,77,EASY,True,6.33,0.469,1.0,0.8885,0.6054,1.2922,0.201,0.3647,"{""EASY"": 0.4717, ""MEDIUM"": 0.4396, ""HARD"": 0.0888}","{""EASY"": 0.9667, ""MEDIUM"": 0.0167, ""HARD"": 0.0167}","{""EASY"": 0.7713, ""MEDIUM"": 0.1835, ""HARD"": 0.0451}","{""r_acc"": 1.0, ""r_time"": 0.19908147018195413, ""r_prog"": 0.0, ""r_mom"": 0.09311096086675777, ""total"": 1.2921924310487118}"
fast_learning,78,EASY,True,14.92,0.4837,1.0,0.8578,0.7719,1.1378,0.0,0.1707,"{""EASY"": 0.4645, ""MEDIUM"": 0.442, ""HARD"": 0.0935}","{""EASY"": 0.9667, ""MEDIUM"": 0.0167, ""HARD"": 0.0167}","{""EASY"": 0.8521, ""MEDIUM"": 0.1137, ""HARD"": 0.0342}","{""r_acc"": 1.0, ""r_time"": 0.04140071094754494, ""r_prog"": 0.0, ""r_mom"": 0.09640275800758169, ""total"": 1.1378034689551266}"
fast_learning,79,EASY,True,3.5,0.4978,1.0,0.8311,0.7505,1.3436,0.0,0.2246,"{""EASY"": 0.4577, ""MEDIUM"": 0.4442, ""HARD"": 0.0981}","{""EASY"": 0.9667, ""MEDIUM"": 0.0167, ""HARD"": 0.0167}","{""EASY"": 0.8397, ""MEDIUM"": 0.1233, ""HARD"": 0.037}","{""r_acc"": 1.0, ""r_time"": 0.2454966024567957, ""r_prog"": 0.0, ""r_mom"": 0.09813680813098667, ""total"": 1.3436334105877823}"
fast_learning,80,EASY,False,6.66,0.4614,0.8,0.6848,0.7318,-0.3096,0.1707,0.0986,"{""EASY"": 0.4512, ""MEDIUM"": 0.4461, ""HARD"": 0.1027}","{""EASY"": 0.9667, ""MEDIUM"": 0.0167, ""HARD"": 0.0167}","{""EASY"": 0.8284, ""MEDIUM"": 0.1318, ""HARD"": 0.0397}","{""r_acc"": -0.5, ""r_time"": 0.19042700844979102, ""r_prog"": 0.0, ""r_mom"": 0.0, ""total"": -0.309572991550209}"
fast_learning,81,EASY,True,7.66,0.4763,0.8,0.7104,0.6294,1.2026,0.0,0.2288,"{""EASY"": 0.4681, ""MEDIUM"": 0.4408, ""HARD"": 0.0911}","{""EASY"": 0.9667, ""MEDIUM"": 0.0167, ""HARD"": 0.0167}","{""EASY"": 0.7819, ""MEDIUM"": 0.1739, ""HARD"": 0.0443}","{""r_acc"": 1.0, ""r_time"": 0.17040286193265763, ""r_prog"": 0.0, ""r_mom"": 0.032151273753163435, ""total"": 1.2025541356858211}"
fast_learning,82,EASY,True,8.23,0.4907,0.8,0.7167,0.6473,1.216,0.3585,0.4872,"{""EASY"": 0.4611, ""MEDIUM"": 0.4431, ""HARD"": 0.0958}","{""EASY"": 0.9667, ""MEDIUM"": 0.0167, ""HARD"": 0.0167}","{""EASY"": 0.7883, ""MEDIUM"": 0.1671, ""HARD"": 0.0446}","{""r_acc"": 1.0, ""r_time"": 0.15776316420953895, ""r_prog"": 0.0, ""r_mom"": 0.05827829453479101, ""total"": 1.21604145874433}"
fast_learning,83,EASY,True,2.41,0.5045,0.8,0.7266,0.6517,1.3322,0.0,0.1998,"{""EASY"": 0.4545, ""MEDIUM"": 0.4451, ""HARD"": 0.1004}","{""EASY"": 0.9667, ""MEDIUM"": 0.0167, ""HARD"": 0.0167}","{""EASY"": 0.7883, ""MEDIUM"": 0.1659, ""HARD"": 0.0458}","{""r_acc"": 1.0, ""r_time"": 0.25607312061113413, ""r_prog"": 0.0, ""r_mom"": 0.07615941559557649, ""total"": 1.3322325362067107}"
fast_learning,84,EASY,True,10.47,0.5178,0.8,0.7332,0.6586,1.1942,0.0,0.1791,"{""EASY"": 0.4481, ""MEDIUM"": 0.4469, ""HARD"": 0.105}","{""EASY"": 0.9667, ""MEDIUM"": 0.0167, ""HARD"": 0.0167}","{""EASY"": 0.7897, ""MEDIUM"": 0.1635, ""HARD"": 0.0468}","{""r_acc"": 1.0, ""r_time"": 0.10722784320989931, ""r_prog"": 0.0, ""r_mom"": 0.0870061661742672, ""total"": 1.1942340093841664}"
fast_learning,85,EASY,False,9.23,0.4806,0.8,0.7353,0.6633,-0.3663,0.0,-0.0549,"{""EASY"": 0.4421, ""MEDIUM"": 0.4484, ""HARD"": 0.1095}","{""EASY"": 0.9667, ""MEDIUM"": 0.0167, ""HARD"": 0.0167}","{""EASY"": 0.79, ""MEDIUM"": 0.162, ""HARD"": 0.0479}","{""r_acc"": -0.5, ""r_time"": 0.1337086314147301, ""r_prog"": 0.0, ""r_mom"": 0.0, ""total"": -0.3662913685852699}"
fast_learning,86,EASY,True,9.8,0.4948,0.8,0.7357,0.6647,1.1529,0.0,0.1729,"{""EASY"": 0.4592, ""MEDIUM"": 0.4437, ""HARD"": 0.0971}","{""EASY"": 0.9667, ""MEDIUM"": 0.0167, ""HARD"": 0.0167}","{""EASY"": 0.7965, ""MEDIUM"": 0.1599, ""HARD"": 0.0436}","{""r_acc"": 1.0, ""r_time"": 0.12075637661651664, ""r_prog"": 0.0, ""r_mom"": 0.032151273753163435, ""total"": 1.1529076503696802}"
fast_learning,87,MEDIUM,True,6.77,0.5201,0.8,0.732,0.665,1.342,0.0,0.2013,"{""EASY"": 0.4526, ""MEDIUM"": 0.4457, ""HARD"": 0.1017}","{""EASY"": 0.0167, ""MEDIUM"": 0.0167, ""HARD"": 0.9667}","{""EASY"": 0.1627, ""MEDIUM"": 0.1604, ""HARD"": 0.6769}","{""r_acc"": 1.0, ""r_time"": 0.18368659415313524, ""r_prog"": 0.1, ""r_mom"": 0.05827829453479101, ""total"": 1.3419648886879263}"
fast_learning,88,MEDIUM,True,1.7,0.5437,0.8,0.7237,0.6624,1.4367,0.2013,0.4108,"{""EASY"": 0.418, ""MEDIUM"": 0.4775, ""HARD"": 0.1046}","{""EASY"": 0.0167, ""MEDIUM"": 0.9667, ""HARD"": 0.0167}","{""EASY"": 0.1522, ""MEDIUM"": 0.8015, ""HARD"": 0.0463}","{""r_acc"": 1.0, ""r_time"": 0.26055976967598665, ""r_prog"": 0.1, ""r_mom"": 0.07615941559557649, ""total"": 1.4367191852715633}"
fast_learning,89,EASY,True,16.23,0.5554,0.8,0.7003,0.6566,1.1155,0.1791,0.3196,"{""EASY"": 0.408, ""MEDIUM"": 0.4794, ""HARD"": 0.1126}","{""EASY"": 0.9667, ""MEDIUM"": 0.0167, ""HARD"": 0.0167}","{""EASY"": 0.7748, ""MEDIUM"": 0.1756, ""HARD"": 0.0496}","{""r_acc"": 1.0, ""r_time"": 0.028473878578476476, ""r_prog"": 0.0, ""r_mom"": 0.0870061661742672, ""total"": 1.1154800447527435}"
fast_learning,90,EASY,True,8.73,0.5666,1.0,0.8912,0.6402,1.2334,0.0,0.212,"{""EASY"": 0.5692, ""MEDIUM"": 0.3097, ""HARD"": 0.1212}","{""EASY"": 0.9667, ""MEDIUM"": 0.0167, ""HARD"": 0.0167}","{""EASY"": 0.8236, ""MEDIUM"": 0.1221, ""HARD"": 0.0543}","{""r_acc"": 1.0, ""r_time"": 0.1403128803142503, ""r_prog"": 0.0, ""r_mom"": 0.09311096086675777, ""total"": 1.2334238411810081}"
fast_learning,91,EASY,True,10.05,0.5774,1.0,0.8915,0.7738,1.2091,0.1998,0.417,"{""EASY"": 0.5649, ""MEDIUM"": 0.31, ""HARD"": 0.1251}","{""EASY"": 0.9667, ""MEDIUM"": 0.0167, ""HARD"": 0.0167}","{""EASY"": 0.8758, ""MEDIUM"": 0.083, ""HARD"": 0.0412}","{""r_acc"": 1.0, ""r_time"": 0.1126656835267329, ""r_prog"": 0.0, ""r_mom"": 0.09640275800758169, ""total"": 1.2090684415343145}"
fast_learning,92,EASY,True,2.07,0.5877,1.0,0.8602,0.7741,1.3498,0.4872,0.6299,"{""EASY"": 0.4154, ""MEDIUM"": 0.4531, ""HARD"": 0.1316}","{""EASY"": 0.9667, ""MEDIUM"": 0.0167, ""HARD"": 0.0167}","{""EASY"": 0.8421, ""MEDIUM"": 0.1153, ""HARD"": 0.0426}","{""r_acc"": 1.0, ""r_time"": 0.2516767606837222, ""r_prog"": 0.0, ""r_mom"": 0.09813680813098667, ""total"": 1.3498135688147088}"
fast_learning,93,EASY,True,8.7,0.5976,1.0,0.9017,0.7522,1.2341,0.0986,0.354,"{""EASY"": 0.4108, ""MEDIUM"": 0.4535, ""HARD"": 0.1357}","{""EASY"": 0.9667, ""MEDIUM"": 0.0167, ""HARD"": 0.0167}","{""EASY"": 0.8289, ""MEDIUM"": 0.1249, ""HARD"": 0.0462}","{""r_acc"": 1.0, ""r_time"": 0.1350668998606402, ""r_prog"": 0.0, ""r_mom"": 0.0990390494225681, ""total"": 1.2341059492832083}"
fast_learning,94,EASY,True,3.32,0.6071,1.0,0.9019,0.7812,1.332,0.6299,0.7352,"{""EASY"": 0.4065, ""MEDIUM"": 0.4539, ""HARD"": 0.1397}","{""EASY"": 0.9667, ""MEDIUM"": 0.0167, ""HARD"": 0.0167}","{""EASY"": 0.8441, ""MEDIUM"": 0.1123, ""HARD"": 0.0436}","{""r_acc"": 1.0, ""r_time"": 0.23246071007910574, ""r_prog"": 0.0, ""r_mom"": 0.09950547536867305, ""total"": 1.331966185447779}"
fast_learning,95,EASY,True,1.0,0.6162,1.0,0.855,0.7813,1.3581,0.0,0.2037,"{""EASY"": 0.4023, ""MEDIUM"": 0.4541, ""HARD"": 0.1436}","{""EASY"": 0.9667, ""MEDIUM"": 0.0167, ""HARD"": 0.0167}","{""EASY"": 0.8432, ""MEDIUM"": 0.1123, ""HARD"": 0.0444}","{""r_acc"": 1.0, ""r_time"": 0.2583215809884948, ""r_prog"": 0.0, ""r_mom"": 0.09974579674738374, ""total"": 1.3580673777358785}"
fast_learning,96,EASY,True,15.76,0.625,1.0,0.8225,0.7485,1.1318,0.2037,0.3429,"{""EASY"": 0.3983, ""MEDIUM"": 0.4543, ""HARD"": 0.1474}","{""EASY"": 0.9667, ""MEDIUM"": 0.0167, ""HARD"": 0.0167}","{""EASY"": 0.8237, ""MEDIUM"": 0.1267, ""HARD"": 0.0495}","{""r_acc"": 1.0, ""r_time"": 0.03190353377805869, ""r_prog"": 0.0, ""r_mom"": 0.09986940693248947, ""total"": 1.1317729407105481}"
fast_learning,97,MEDIUM,False,7.95,0.5936,0.8,0.6695,0.7258,-0.3537,0.0,-0.0531,"{""EASY"": 0.3945, ""MEDIUM"": 0.4544, ""HARD"": 0.1511}","{""EASY"": 0.9667, ""MEDIUM"": 0.0167, ""HARD"": 0.0167}","{""EASY"": 0.8098, ""MEDIUM"": 0.1367, ""HARD"": 0.0535}","{""r_acc"": -0.5, ""r_time"": 0.14632239034218533, ""r_prog"": 0.0, ""r_mom"": 0.0, ""total"": -0.3536776096578147}"
fast_learning,98,EASY,True,9.54,0.6033,0.8,0.6711,0.6186,1.1496,0.0,0.1724,"{""EASY"": 0.3871, ""MEDIUM"": 0.482, ""HARD"": 0.1309}","{""EASY"": 0.9667, ""MEDIUM"": 0.0167, ""HARD"": 0.0167}","{""EASY"": 0.7456, ""MEDIUM"": 0.1941, ""HARD"": 0.0602}","{""r_acc"": 1.0, ""r_time"": 0.11749615736021223, ""r_prog"": 0.0, ""r_mom"": 0.032151273753163435, ""total"": 1.1496474311133758}"
fast_learning,99,MEDIUM,True,7.96,0.6207,0.8,0.6965,0.6198,1.3042,0.0,0.1956,"{""EASY"": 0.5514, ""MEDIUM"": 0.31, ""HARD"": 0.1386}","{""EASY"": 0.9667, ""MEDIUM"": 0.0167, ""HARD"": 0.0167}","{""EASY"": 0.8088, ""MEDIUM"": 0.1282, ""HARD"": 0.063}","{""r_acc"": 1.0, ""r_time"": 0.1459690834289026, ""r_prog"": 0.1, ""r_mom"": 0.05827829453479101, ""total"": 1.3042473779636938}"
inconsistent,0,HARD,False,3.87,0.4916,0.0,0.15,0.15,-0.35,0.0,-0.0525,"{""EASY"": 0.4266, ""MEDIUM"": 0.4754, ""HARD"": 0.098}","{""EASY"": 0.8333, ""MEDIUM"": 0.0833, ""HARD"": 0.0833}","{""EASY"": 0.4876, ""MEDIUM"": 0.4166, ""HARD"": 0.0958}","{""r_acc"": -0.5, ""r_time"": 0.15, ""r_prog"": 0.0, ""r_mom"": 0.0, ""total"": -0.35}"
inconsistent,1,EASY,False,11.43,0.4555,0.0,0.5011,0.1552,-0.35,0.0,-0.0525,"{""EASY"": 0.4027, ""MEDIUM"": 0.2719, ""HARD"": 0.3254}","{""EASY"": 0.8383, ""MEDIUM"": 0.0808, ""HARD"": 0.0808}","{""EASY"": 0.4703, ""MEDIUM"": 0.2422, ""HARD"": 0.2874}","{""r_acc"": -0.5, ""r_time"": 0.15, ""r_prog"": 0.0, ""r_mom"": 0.0, ""total"": -0.35}"
inconsistent,2,MEDIUM,True,14.22,0.4833,0.3333,0.2944,0.1851,1.177,0.0,0.1766,"{""EASY"": 0.6094, ""MEDIUM"": 0.301, ""HARD"": 0.0897}","{""EASY"": 0.8432, ""MEDIUM"": 0.0784, ""HARD"": 0.0784}","{""EASY"": 0.6527, ""MEDIUM"": 0.2598, ""HARD"": 0.0876}","{""r_acc"": 1.0, ""r_time"": 0.044896280670924285, ""r_prog"": 0.1, ""r_mom"": 0.032151273753163435, ""total"": 1.177047554424088}"
inconsistent,3,MEDIUM,True,11.74,0.5094,0.5,0.3248,0.1809,1.2762,0.0,0.1914,"{""EASY"": 0.4338, ""MEDIUM"": 0.4734, ""HARD"": 0.0928}","{""EASY"": 0.8479, ""MEDIUM"": 0.0761, ""HARD"": 0.0761}","{""EASY"": 0.5087, ""MEDIUM"": 0.4015, ""HARD"": 0.0898}","{""r_acc"": 1.0, ""r_time"": 0.11788148351935994, ""r_prog"": 0.1, ""r_mom"": 0.05827829453479101, ""total"": 1.2761597780541512}"
inconsistent,4,EASY,True,15.23,0.5224,0.6,0.3914,0.1955,1.142,0.0,0.1713,"{""EASY"": 0.4226, ""MEDIUM"": 0.4764, ""HARD"": 0.101}","{""EASY"": 0.8525, ""MEDIUM"": 0.0738, ""HARD"": 0.0738}","{""EASY"": 0.5066, ""MEDIUM"": 0.3977, ""HARD"": 0.0957}","{""r_acc"": 1.0, ""r_time"": 0.06585640709499108, ""r_prog"": 0.0, ""r_mom"": 0.07615941559557649, ""total"": 1.1420158226905677}"
inconsistent,5,EASY,True,3.68,0.535,0.8,0.5359,0.2185,1.3484,0.0,0.2023,"{""EASY"": 0.5819, ""MEDIUM"": 0.308, ""HARD"": 0.11}","{""EASY"": 0.8569, ""MEDIUM"": 0.0716, ""HARD"": 0.0716}","{""EASY"": 0.642, ""MEDIUM"": 0.2564, ""HARD"": 0.1016}","{""r_acc"": 1.0, ""r_time"": 0.2613588207123429, ""r_prog"": 0.0, ""r_mom"": 0.0870061661742672, ""total"": 1.34836498688661}"
inconsistent,6,EASY,True,10.09,0.547,1.0,0.7758,0.2625,1.242,0.0,0.1863,"{""EASY"": 0.577, ""MEDIUM"": 0.3088, ""HARD"": 0.1142}","{""EASY"": 0.8612, ""MEDIUM"": 0.0694, ""HARD"": 0.0694}","{""EASY"": 0.6516, ""MEDIUM"": 0.2459, ""HARD"": 0.1024}","{""r_acc"": 1.0, ""r_time"": 0.14892544768090407, ""r_prog"": 0.0, ""r_mom"": 0.09311096086675777, ""total"": 1.2420364085476618}"
inconsistent,7,EASY,True,16.21,0.5585,1.0,0.8218,0.3401,1.1536,0.0,0.173,"{""EASY"": 0.4289, ""MEDIUM"": 0.4511, ""HARD"": 0.12}","{""EASY"": 0.8653, ""MEDIUM"": 0.0673, ""HARD"": 0.0673}","{""EASY"": 0.5773, ""MEDIUM"": 0.3206, ""HARD"": 0.1021}","{""r_acc"": 1.0, ""r_time"": 0.05722130474357768, ""r_prog"": 0.0, ""r_mom"": 0.09640275800758169, ""total"": 1.1536240627511594}"
inconsistent,8,EASY,True,10.54,0.5696,1.0,0.87,0.3801,1.2526,0.0,0.2113,"{""EASY"": 0.4237, ""MEDIUM"": 0.452, ""HARD"": 0.1243}","{""EASY"": 0.8694, ""MEDIUM"": 0.0653, ""HARD"": 0.0653}","{""EASY"": 0.5931, ""MEDIUM"": 0.305, ""HARD"": 0.1019}","{""r_acc"": 1.0, ""r_time"": 0.15446212221090164, ""r_prog"": 0.0, ""r_mom"": 0.09813680813098667, ""total"": 1.2525989303418883}"
inconsistent,9,MEDIUM,True,10.37,0.5896,1.0,0.922,0.424,1.3563,0.0,0.2268,"{""EASY"": 0.4188, ""MEDIUM"": 0.4527, ""HARD"": 0.1286}","{""EASY"": 0.8733, ""MEDIUM"": 0.0634, ""HARD"": 0.0634}","{""EASY"": 0.6115, ""MEDIUM"": 0.2876, ""HARD"": 0.1009}","{""r_acc"": 1.0, ""r_time"": 0.15724532157793164, ""r_prog"": 0.1, ""r_mom"": 0.0990390494225681, ""total"": 1.3562843710005}"
inconsistent,10,MEDIUM,True,3.8,0.6081,1.0,0.923,0.4727,1.4542,0.2268,0.4109,"{""EASY"": 0.3887, ""MEDIUM"": 0.4819, ""HARD"": 0.1294}","{""EASY"": 0.0615, ""MEDIUM"": 0.8771, ""HARD"": 0.0615}","{""EASY"": 0.234, ""MEDIUM"": 0.6687, ""HARD"": 0.0973}","{""r_acc"": 1.0, ""r_time"": 0.25467077216257655, ""r_prog"": 0.1, ""r_mom"": 0.09950547536867305, ""total"": 1.4541762475312496}"
inconsistent,11,EASY,False,13.05,0.5689,0.8,0.7323,0.5053,-0.3991,0.0,-0.0599,"{""EASY"": 0.3811, ""MEDIUM"": 0.4824, ""HARD"": 0.1365}","{""EASY"": 0.8808, ""MEDIUM"": 0.0596, ""HARD"": 0.0596}","{""EASY"": 0.6336, ""MEDIUM"": 0.2687, ""HARD"": 0.0977}","{""r_acc"": -0.5, ""r_time"": 0.10087660658167692, ""r_prog"": 0.0, ""r_mom"": 0.0, ""total"": -0.3991233934183231}"
inconsistent,12,EASY,True,11.0,0.5796,0.8,0.7439,0.4576,1.1706,0.0,0.2311,"{""EASY"": 0.564, ""MEDIUM"": 0.31, ""HARD"": 0.126}","{""EASY"": 0.8844, ""MEDIUM"": 0.0578, ""HARD"": 0.0578}","{""EASY"": 0.7106, ""MEDIUM"": 0.1946, ""HARD"": 0.0948}","{""r_acc"": 1.0, ""r_time"": 0.13843087001241824, ""r_prog"": 0.0, ""r_mom"": 0.032151273753163435, ""total"": 1.1705821437655817}"
inconsistent,13,EASY,False,5.05,0.5407,0.6,0.6291,0.4885,-0.2632,0.173,0.1076,"{""EASY"": 0.5601, ""MEDIUM"": 0.3101, ""HARD"": 0.1298}","{""EASY"": 0.0561, ""MEDIUM"": 0.8878, ""HARD"": 0.0561}","{""EASY"": 0.3139, ""MEDIUM"": 0.5923, ""HARD"": 0.0938}","{""r_acc"": -0.5, ""r_time"": 0.23682548360100372, ""r_prog"": 0.0, ""r_mom"": 0.0, ""total"": -0.26317451639899625}"
inconsistent,14,MEDIUM,False,6.83,0.5132,0.4,0.6233,0.4583,-0.295,0.0,-0.0442,"{""EASY"": 0.5005, ""MEDIUM"": 0.3631, ""HARD"": 0.1364}","{""EASY"": 0.8912, ""MEDIUM"": 0.0544, ""HARD"": 0.0544}","{""EASY"": 0.6795, ""MEDIUM"": 0.2216, ""HARD"": 0.0988}","{""r_acc"": -0.5, ""r_time"": 0.20503308158753178, ""r_prog"": 0.0, ""r_mom"": 0.0, ""total"": -0.29496691841246825}"
inconsistent,15,EASY,False,14.55,0.4761,0.2,0.7363,0.4772,-0.4285,0.0,-0.0643,"{""EASY"": 0.421, ""MEDIUM"": 0.4768, ""HARD"": 0.1023}","{""EASY"": 0.8945, ""MEDIUM"": 0.0528, ""HARD"": 0.0528}","{""EASY"": 0.6469, ""MEDIUM"": 0.2744, ""HARD"": 0.0786}","{""r_acc"": -0.5, ""r_time"": 0.07148771772498953, ""r_prog"": 0.0, ""r_mom"": 0.0, ""total"": -0.4285122822750105}"
inconsistent,16,EASY,False,7.91,0.4408,0.2,0.734,0.5623,-0.3108,0.0,-0.0466,"{""EASY"": 0.6007, ""MEDIUM"": 0.3037, ""HARD"": 0.0956}","{""EASY"": 0.8976, ""MEDIUM"": 0.0512, ""HARD"": 0.0512}","{""EASY"": 0.7677, ""MEDIUM"": 0.1617, ""HARD"": 0.0706}","{""r_acc"": -0.5, ""r_time"": 0.1891732725757787, ""r_prog"": 0.0, ""r_mom"": 0.0, ""total"": -0.3108267274242213}"
inconsistent,17,EASY,False,11.56,0.4075,0.0,0.9254,0.5867,-0.3791,0.0,-0.0569,"{""EASY"": 0.6157, ""MEDIUM"": 0.2987, ""HARD"": 0.0856}","{""EASY"": 0.9007, ""MEDIUM"": 0.0497, ""HARD"": 0.0497}","{""EASY"": 0.7829, ""MEDIUM"": 0.1526, ""HARD"": 0.0645}","{""r_acc"": -0.5, ""r_time"": 0.12091824358627073, ""r_prog"": 0.0, ""r_mom"": 0.0, ""total"": -0.37908175641372927}"
inconsistent,18,EASY,False,19.49,0.3765,0.0,0.9236,0.733,-0.4751,-0.0569,-0.1196,"{""EASY"": 0.6162, ""MEDIUM"": 0.304, ""HARD"": 0.0797}","{""EASY"": 0.0482, ""MEDIUM"": 0.0482, ""HARD"": 0.9037}","{""EASY"": 0.1999, ""MEDIUM"": 0.1165, ""HARD"": 0.6837}","{""r_acc"": -0.5, ""r_time"": 0.02494267813409024, ""r_prog"": 0.0, ""r_mom"": 0.0, ""total"": -0.47505732186590977}"
inconsistent,19,EASY,False,10.48,0.3478,0.0,0.938,0.7642,-0.3487,0.0,-0.0523,"{""EASY"": 0.6316, ""MEDIUM"": 0.2966, ""HARD"": 0.0717}","{""EASY"": 0.9066, ""MEDIUM"": 0.0467, ""HARD"": 0.0467}","{""EASY"": 0.8417, ""MEDIUM"": 0.1056, ""HARD"": 0.0526}","{""r_acc"": -0.5, ""r_time"": 0.15127422092773415, ""r_prog"": 0.0, ""r_mom"": 0.0, ""total"": -0.3487257790722659}"
inconsistent,20,EASY,False,10.28,0.3214,0.0,0.9337,0.8,-0.3452,0.0,-0.0518,"{""EASY"": 0.6464, ""MEDIUM"": 0.2888, ""HARD"": 0.0648}","{""EASY"": 0.9094, ""MEDIUM"": 0.0453, ""HARD"": 0.0453}","{""EASY"": 0.8568, ""MEDIUM"": 0.094, ""HARD"": 0.0492}","{""r_acc"": -0.5, ""r_time"": 0.1547937878183109, ""r_prog"": 0.0, ""r_mom"": 0.0, ""total"": -0.3452062121816891}"
inconsistent,21,HARD,False,7.79,0.3189,0.0,0.9332,0.8,-0.302,0.0,-0.0453,"{""EASY"": 0.6604, ""MEDIUM"": 0.2808, ""HARD"": 0.0589}","{""EASY"": 0.044, ""MEDIUM"": 0.044, ""HARD"": 0.9121}","{""EASY"": 0.1672, ""MEDIUM"": 0.0913, ""HARD"": 0.7414}","{""r_acc"": -0.5, ""r_time"": 0.1979894270500663, ""r_prog"": 0.0, ""r_mom"": 0.0, ""total"": -0.3020105729499337}"
inconsistent,22,EASY,True,8.17,0.3383,0.2,0.7322,0.8,1.2223,0.0,0.1833,"{""EASY"": 0.4749, ""MEDIUM"": 0.2303, ""HARD"": 0.2948}","{""EASY"": 0.9147, ""MEDIUM"": 0.0426, ""HARD"": 0.0426}","{""EASY"": 0.8268, ""MEDIUM"": 0.0802, ""HARD"": 0.0931}","{""r_acc"": 1.0, ""r_time"": 0.19015548386327807, ""r_prog"": 0.0, ""r_mom"": 0.032151273753163435, ""total"": 1.2223067576164417}"
inconsistent,23,EASY,True,12.08,0.3573,0.4,0.6795,0.6625,1.1761,0.0,0.1764,"{""EASY"": 0.6631, ""MEDIUM"": 0.2764, ""HARD"": 0.0605}","{""EASY"": 0.9173, ""MEDIUM"": 0.0414, ""HARD"": 0.0414}","{""EASY"": 0.8315, ""MEDIUM"": 0.1207, ""HARD"": 0.0478}","{""r_acc"": 1.0, ""r_time"": 0.11778996499088985, ""r_prog"": 0.0, ""r_mom"": 0.05827829453479101, ""total"": 1.1760682595256808}"
inconsistent,24,EASY,False,16.35,0.3302,0.4,0.655,0.6256,-0.4454,0.0,-0.0668,"{""EASY"": 0.6538, ""MEDIUM"": 0.2814, ""HARD"": 0.0647}","{""EASY"": 0.9198, ""MEDIUM"": 0.0401, ""HARD"": 0.0401}","{""EASY"": 0.8202, ""MEDIUM"": 0.1305, ""HARD"": 0.0493}","{""r_acc"": -0.5, ""r_time"": 0.05458477489761188, ""r_prog"": 0.0, ""r_mom"": 0.0, ""total"": -0.4454152251023881}"
inconsistent,25,EASY,False,14.22,0.3053,0.4,0.655,0.6085,-0.4124,0.0,-0.0619,"{""EASY"": 0.6233, ""MEDIUM"": 0.3102, ""HARD"": 0.0665}","{""EASY"": 0.9222, ""MEDIUM"": 0.0389, ""HARD"": 0.0389}","{""EASY"": 0.8051, ""MEDIUM"": 0.1451, ""HARD"": 0.0497}","{""r_acc"": -0.5, ""r_time"": 0.0876192958834723, ""r_prog"": 0.0, ""r_mom"": 0.0, ""total"": -0.4123807041165277}"
inconsistent,26,HARD,True,1.0,0.347,0.6,0.6077,0.6085,1.5077,0.0,0.2262,"{""EASY"": 0.6393, ""MEDIUM"": 0.3003, ""HARD"": 0.0604}","{""EASY"": 0.0377, ""MEDIUM"": 0.0377, ""HARD"": 0.9245}","{""EASY"": 0.2733, ""MEDIUM"": 0.1405, ""HARD"": 0.5862}","{""r_acc"": 1.0, ""r_time"": 0.27553257028602424, ""r_prog"": 0.2, ""r_mom"": 0.032151273753163435, ""total"": 1.5076838440391878}"
inconsistent,27,MEDIUM,False,10.69,0.3333,0.4,0.6146,0.5754,-0.3549,0.0,-0.0532,"{""EASY"": 0.4622, ""MEDIUM"": 0.2389, ""HARD"": 0.2989}","{""EASY"": 0.9268, ""MEDIUM"": 0.0366, ""HARD"": 0.0366}","{""EASY"": 0.7295, ""MEDIUM"": 0.1225, ""HARD"": 0.148}","{""r_acc"": -0.5, ""r_time"": 0.14507326765558218, ""r_prog"": 0.0, ""r_mom"": 0.0, ""total"": -0.35492673234441785}"
inconsistent,28,EASY,True,10.07,0.3524,0.4,0.6114,0.5802,1.1882,0.0,0.1782,"{""EASY"": 0.5006, ""MEDIUM"": 0.4451, ""HARD"": 0.0542}","{""EASY"": 0.929, ""MEDIUM"": 0.0355, ""HARD"": 0.0355}","{""EASY"": 0.7491, ""MEDIUM"": 0.2075, ""HARD"": 0.0434}","{""r_acc"": 1.0, ""r_time"": 0.156078572530843, ""r_prog"": 0.0, ""r_mom"": 0.032151273753163435, ""total"": 1.1882298462840066}"
inconsistent,29,EASY,True,2.79,0.371,0.6,0.5825,0.578,1.316,0.0,0.1974,"{""EASY"": 0.6562, ""MEDIUM"": 0.2802, ""HARD"": 0.0636}","{""EASY"": 0.9311, ""MEDIUM"": 0.0345, ""HARD"": 0.0345}","{""EASY"": 0.8151, ""MEDIUM"": 0.1381, ""HARD"": 0.0468}","{""r_acc"": 1.0, ""r_time"": 0.2576942878642023, ""r_prog"": 0.0, ""r_mom"": 0.05827829453479101, ""total"": 1.3159725823989934}"
inconsistent,30,EASY,True,5.59,0.3891,0.8,0.6803,0.5577,1.2981,0.0,0.1947,"{""EASY"": 0.6473, ""MEDIUM"": 0.2848, ""HARD"": 0.0679}","{""EASY"": 0.9332, ""MEDIUM"": 0.0334, ""HARD"": 0.0334}","{""EASY"": 0.8067, ""MEDIUM"": 0.1446, ""HARD"": 0.0487}","{""r_acc"": 1.0, ""r_time"": 0.22195133045737012, ""r_prog"": 0.0, ""r_mom"": 0.07615941559557649, ""total"": 1.2981107460529466}"
inconsistent,31,MEDIUM,False,6.52,0.3723,0.6,0.6298,0.6262,-0.2931,0.0,-0.044,"{""EASY"": 0.5025, ""MEDIUM"": 0.4267, ""HARD"": 0.0708}","{""EASY"": 0.9352, ""MEDIUM"": 0.0324, ""HARD"": 0.0324}","{""EASY"": 0.7734, ""MEDIUM"": 0.1798, ""HARD"": 0.0468}","{""r_acc"": -0.5, ""r_time"": 0.2069073959339731, ""r_prog"": 0.0, ""r_mom"": 0.0, ""total"": -0.2930926040660269}"
inconsistent,32,EASY,True,8.81,0.3903,0.8,0.7327,0.5909,1.2008,0.0,0.1801,"{""EASY"": 0.4828, ""MEDIUM"": 0.4542, ""HARD"": 0.063}","{""EASY"": 0.9371, ""MEDIUM"": 0.0314, ""HARD"": 0.0314}","{""EASY"": 0.7513, ""MEDIUM"": 0.2044, ""HARD"": 0.0443}","{""r_acc"": 1.0, ""r_time"": 0.16868679662350264, ""r_prog"": 0.0, ""r_mom"": 0.032151273753163435, ""total"": 1.2008380703766661}"
inconsistent,33,EASY,True,7.43,0.4078,0.8,0.7431,0.6629,1.2498,0.0,0.2429,"{""EASY"": 0.6383, ""MEDIUM"": 0.2892, ""HARD"": 0.0725}","{""EASY"": 0.939, ""MEDIUM"": 0.0305, ""HARD"": 0.0305}","{""EASY"": 0.8376, ""MEDIUM"": 0.1177, ""HARD"": 0.0447}","{""r_acc"": 1.0, ""r_time"": 0.19151693430459116, ""r_prog"": 0.0, ""r_mom"": 0.05827829453479101, ""total"": 1.249795228839382}"
inconsistent,34,MEDIUM,True,4.14,0.438,0.8,0.7591,0.6702,1.4136,0.4109,0.5613,"{""EASY"": 0.6303, ""MEDIUM"": 0.2928, ""HARD"": 0.0769}","{""EASY"": 0.0296, ""MEDIUM"": 0.9408, ""HARD"": 0.0296}","{""EASY"": 0.2277, ""MEDIUM"": 0.7271, ""HARD"": 0.0452}","{""r_acc"": 1.0, ""r_time"": 0.23746006072378434, ""r_prog"": 0.1, ""r_mom"": 0.07615941559557649, ""total"": 1.4136194763193608}"
inconsistent,35,EASY,True,2.78,0.4539,0.8,0.7341,0.6814,1.3367,0.0,0.2005,"{""EASY"": 0.4535, ""MEDIUM"": 0.4668, ""HARD"": 0.0797}","{""EASY"": 0.9426, ""MEDIUM"": 0.0287, ""HARD"": 0.0287}","{""EASY"": 0.7868, ""MEDIUM"": 0.1683, ""HARD"": 0.0449}","{""r_acc"": 1.0, ""r_time"": 0.2496483421504094, ""r_prog"": 0.0, ""r_mom"": 0.0870061661742672, ""total"": 1.3366545083246766}"
inconsistent,36,EASY,True,7.43,0.4691,1.0,0.9258,0.6639,1.277,0.2005,0.4377,"{""EASY"": 0.6101, ""MEDIUM"": 0.3007, ""HARD"": 0.0892}","{""EASY"": 0.9443, ""MEDIUM"": 0.0278, ""HARD"": 0.0278}","{""EASY"": 0.832, ""MEDIUM"": 0.1196, ""HARD"": 0.0485}","{""r_acc"": 1.0, ""r_time"": 0.18384665677428197, ""r_prog"": 0.0, ""r_mom"": 0.09311096086675777, ""total"": 1.2769576176410398}"
inconsistent,37,HARD,False,7.78,0.462,0.8,0.7385,0.798,-0.3225,0.0,-0.0484,"{""EASY"": 0.6036, ""MEDIUM"": 0.3028, ""HARD"": 0.0936}","{""EASY"": 0.027, ""MEDIUM"": 0.946, ""HARD"": 0.027}","{""EASY"": 0.1435, ""MEDIUM"": 0.8161, ""HARD"": 0.0404}","{""r_acc"": -0.5, ""r_time"": 0.17748188973183002, ""r_prog"": 0.0, ""r_mom"": 0.0, ""total"": -0.32251811026817}"
inconsistent,38,HARD,False,7.72,0.4553,0.6,0.6417,0.667,-0.3218,0.0,-0.0483,"{""EASY"": 0.4142, ""MEDIUM"": 0.2667, ""HARD"": 0.3191}","{""EASY"": 0.9476, ""MEDIUM"": 0.0262, ""HARD"": 0.0262}","{""EASY"": 0.77, ""MEDIUM"": 0.1063, ""HARD"": 0.1238}","{""r_acc"": -0.5, ""r_time"": 0.17819579645349207, ""r_prog"": 0.0, ""r_mom"": 0.0, ""total"": -0.32180420354650796}"
inconsistent,39,HARD,False,7.27,0.4487,0.4,0.6538,0.5992,-0.3147,0.0,-0.0472,"{""EASY"": 0.4169, ""MEDIUM"": 0.2653, ""HARD"": 0.3178}","{""EASY"": 0.9492, ""MEDIUM"": 0.0254, ""HARD"": 0.0254}","{""EASY"": 0.7358, ""MEDIUM"": 0.1216, ""HARD"": 0.1426}","{""r_acc"": -0.5, ""r_time"": 0.18532689504916625, ""r_prog"": 0.0, ""r_mom"": 0.0, ""total"": -0.3146731049508338}"
inconsistent,40,EASY,True,4.99,0.4642,0.4,0.6825,0.6077,1.2525,0.0,0.1879,"{""EASY"": 0.5514, ""MEDIUM"": 0.3471, ""HARD"": 0.1015}","{""EASY"": 0.9507, ""MEDIUM"": 0.0246, ""HARD"": 0.0246}","{""EASY"": 0.794, ""MEDIUM"": 0.1511, ""HARD"": 0.0548}","{""r_acc"": 1.0, ""r_time"": 0.22035261946396068, ""r_prog"": 0.0, ""r_mom"": 0.032151273753163435, ""total"": 1.2525038932171242}"
inconsistent,41,EASY,False,8.87,0.4295,0.2,0.7731,0.6277,-0.3451,0.0,-0.0518,"{""EASY"": 0.6057, ""MEDIUM"": 0.3022, ""HARD"": 0.0921}","{""EASY"": 0.9522, ""MEDIUM"": 0.0239, ""HARD"": 0.0239}","{""EASY"": 0.8232, ""MEDIUM"": 0.1275, ""HARD"": 0.0493}","{""r_acc"": -0.5, ""r_time"": 0.15491558206108094, ""r_prog"": 0.0, ""r_mom"": 0.0, ""total"": -0.3450844179389191}"
inconsistent,42,MEDIUM,False,13.95,0.4096,0.2,0.7386,0.6911,-0.4285,0.0,-0.0643,"{""EASY"": 0.6206, ""MEDIUM"": 0.2969, ""HARD"": 0.0825}","{""EASY"": 0.0232, ""MEDIUM"": 0.0232, ""HARD"": 0.9536}","{""EASY"": 0.2077, ""MEDIUM"": 0.1077, ""HARD"": 0.6846}","{""r_acc"": -0.5, ""r_time"": 0.0714691955258404, ""r_prog"": 0.0, ""r_mom"": 0.0, ""total"": -0.4285308044741596}"
inconsistent,43,HARD,False,7.13,0.4047,0.2,0.7366,0.667,-0.3125,0.0,-0.0469,"{""EASY"": 0.4661, ""MEDIUM"": 0.4618, ""HARD"": 0.0721}","{""EASY"": 0.0225, ""MEDIUM"": 0.0225, ""HARD"": 0.955}","{""EASY"": 0.1702, ""MEDIUM"": 0.1688, ""HARD"": 0.661}","{""r_acc"": -0.5, ""r_time"": 0.1874995085901386, ""r_prog"": 0.0, ""r_mom"": 0.0, ""total"": -0.31250049140986136}"
inconsistent,44,EASY,False,13.42,0.3739,0.2,0.7356,0.6656,-0.4207,-0.1196,-0.1648,"{""EASY"": 0.4374, ""MEDIUM"": 0.2543, ""HARD"": 0.3083}","{""EASY"": 0.0218, ""MEDIUM"": 0.0218, ""HARD"": 0.9564}","{""EASY"": 0.1608, ""MEDIUM"": 0.0995, ""HARD"": 0.7397}","{""r_acc"": -0.5, ""r_time"": 0.07925197654662906, ""r_prog"": 0.0, ""r_mom"": 0.0, ""total"": -0.4207480234533709}"
inconsistent,45,HARD,False,9.93,0.3701,0.0,0.9507,0.6649,-0.3616,0.0,-0.0542,"{""EASY"": 0.6459, ""MEDIUM"": 0.2855, ""HARD"": 0.0686}","{""EASY"": 0.0212, ""MEDIUM"": 0.0212, ""HARD"": 0.9577}","{""EASY"": 0.2305, ""MEDIUM"": 0.1097, ""HARD"": 0.6598}","{""r_acc"": -0.5, ""r_time"": 0.1384167719201702, ""r_prog"": 0.0, ""r_mom"": 0.0, ""total"": -0.3615832280798298}"
inconsistent,46,MEDIUM,False,16.46,0.3547,0.0,0.9463,0.8,-0.4558,0.0,-0.0684,"{""EASY"": 0.4521, ""MEDIUM"": 0.2454, ""HARD"": 0.3025}","{""EASY"": 0.0205, ""MEDIUM"": 0.9589, ""HARD"": 0.0205}","{""EASY"": 0.1069, ""MEDIUM"": 0.8162, ""HARD"": 0.0769}","{""r_acc"": -0.5, ""r_time"": 0.04420457296050654, ""r_prog"": 0.0, ""r_mom"": 0.0, ""total"": -0.45579542703949344}"
inconsistent,47,EASY,False,12.0,0.3277,0.0,0.9466,0.8,-0.3943,-0.0523,-0.1097,"{""EASY"": 0.4908, ""MEDIUM"": 0.4503, ""HARD"": 0.0589}","{""EASY"": 0.0199, ""MEDIUM"": 0.9602, ""HARD"": 0.0199}","{""EASY"": 0.1141, ""MEDIUM"": 0.8582, ""HARD"": 0.0277}","{""r_acc"": -0.5, ""r_time"": 0.10565321751555554, ""r_prog"": 0.0, ""r_mom"": 0.0, ""total"": -0.39434678248444444}"
inconsistent,48,HARD,False,9.12,0.3251,0.0,0.957,0.8,-0.3428,-0.0453,-0.096,"{""EASY"": 0.6684, ""MEDIUM"": 0.2734, ""HARD"": 0.0583}","{""EASY"": 0.0193, ""MEDIUM"": 0.0193, ""HARD"": 0.9614}","{""EASY"": 0.1491, ""MEDIUM"": 0.0701, ""HARD"": 0.7807}","{""r_acc"": -0.5, ""r_time"": 0.15716176068134238, ""r_prog"": 0.0, ""r_mom"": 0.0, ""total"": -0.34283823931865764}"
inconsistent,49,EASY,True,7.02,0.3444,0.2,0.7493,0.8,1.2265,-0.0518,0.1638,"{""EASY"": 0.4721, ""MEDIUM"": 0.2323, ""HARD"": 0.2957}","{""EASY"": 0.9625, ""MEDIUM"": 0.0187, ""HARD"": 0.0187}","{""EASY"": 0.8644, ""MEDIUM"": 0.0614, ""HARD"": 0.0741}","{""r_acc"": 1.0, ""r_time"": 0.1943008047728425, ""r_prog"": 0.0, ""r_mom"": 0.032151273753163435, ""total"": 1.226452078526006}"
inconsistent,50,EASY,False,10.95,0.3183,0.2,0.751,0.6745,-0.3773,0.1764,0.1155,"{""EASY"": 0.6601, ""MEDIUM"": 0.278, ""HARD"": 0.0619}","{""EASY"": 0.9637, ""MEDIUM"": 0.0182, ""HARD"": 0.0182}","{""EASY"": 0.8649, ""MEDIUM"": 0.1028, ""HARD"": 0.0324}","{""r_acc"": -0.5, ""r_time"": 0.1227164436187759, ""r_prog"": 0.0, ""r_mom"": 0.0, ""total"": -0.3772835563812241}"
inconsistent,51,EASY,False,10.17,0.2946,0.2,0.7735,0.6757,-0.3607,0.1638,0.0851,"{""EASY"": 0.6731, ""MEDIUM"": 0.2706, ""HARD"": 0.0563}","{""EASY"": 0.9647, ""MEDIUM"": 0.0176, ""HARD"": 0.0176}","{""EASY"": 0.8702, ""MEDIUM"": 0.0997, ""HARD"": 0.0302}","{""r_acc"": -0.5, ""r_time"": 0.13929791653203316, ""r_prog"": 0.0, ""r_mom"": 0.0, ""total"": -0.36070208346796684}"
inconsistent,52,EASY,False,11.7,0.273,0.2,0.7747,0.6914,-0.3891,0.0,-0.0584,"{""EASY"": 0.6752, ""MEDIUM"": 0.2717, ""HARD"": 0.0531}","{""EASY"": 0.9658, ""MEDIUM"": 0.0171, ""HARD"": 0.0171}","{""EASY"": 0.8761, ""MEDIUM"": 0.0957, ""HARD"": 0.0282}","{""r_acc"": -0.5, ""r_time"": 0.11088329888868113, ""r_prog"": 0.0, ""r_mom"": 0.0, ""total"": -0.38911670111131885}"
inconsistent,53,EASY,True,12.86,0.293,0.4,0.6746,0.6923,1.1222,0.0,0.1683,"{""EASY"": 0.6875, ""MEDIUM"": 0.2638, ""HARD"": 0.0487}","{""EASY"": 0.9667, ""MEDIUM"": 0.0167, ""HARD"": 0.0167}","{""EASY"": 0.8808, ""MEDIUM"": 0.0927, ""HARD"": 0.0265}","{""r_acc"": 1.0, ""r_time"": 0.09004909992001672, ""r_prog"": 0.0, ""r_mom"": 0.032151273753163435, ""total"": 1.1222003736731803}"
inconsistent,54,HARD,False,7.59,0.2911,0.2,0.7748,0.6222,-0.3135,0.0,-0.0243,"{""EASY"": 0.6475, ""MEDIUM"": 0.2951, ""HARD"": 0.0575}","{""EASY"": 0.9667, ""MEDIUM"": 0.0167, ""HARD"": 0.0167}","{""EASY"": 0.8461, ""MEDIUM"": 0.1218, ""HARD"": 0.0321}","{""r_acc"": -0.5, ""r_time"": 0.18647344808831184, ""r_prog"": 0.0, ""r_mom"": 0.0, ""total"": -0.31352655191168816}"
inconsistent,55,HARD,False,15.15,0.2892,0.2,0.7638,0.6923,-0.4446,0.0,-0.0667,"{""EASY"": 0.4878, ""MEDIUM"": 0.2212, ""HARD"": 0.291}","{""EASY"": 0.9667, ""MEDIUM"": 0.0167, ""HARD"": 0.0167}","{""EASY"": 0.8193, ""MEDIUM"": 0.0796, ""HARD"": 0.1011}","{""r_acc"": -0.5, ""r_time"": 0.05544919441674836, ""r_prog"": 0.0, ""r_mom"": 0.0, ""total"": -0.44455080558325166}"
inconsistent,56,EASY,True,8.75,0.3091,0.4,0.663,0.6847,1.1991,0.0,0.2065,"{""EASY"": 0.4887, ""MEDIUM"": 0.2206, ""HARD"": 0.2908}","{""EASY"": 0.9667, ""MEDIUM"": 0.0167, ""HARD"": 0.0167}","{""EASY"": 0.8159, ""MEDIUM"": 0.081, ""HARD"": 0.1031}","{""r_acc"": 1.0, ""r_time"": 0.16690174359190432, ""r_prog"": 0.0, ""r_mom"": 0.032151273753163435, ""total"": 1.1990530173450678}"
inconsistent,57,EASY,True,13.66,0.3287,0.6,0.6616,0.6141,1.136,0.1974,0.3382,"{""EASY"": 0.6778, ""MEDIUM"": 0.2678, ""HARD"": 0.0544}","{""EASY"": 0.9667, ""MEDIUM"": 0.0167, ""HARD"": 0.0167}","{""EASY"": 0.8552, ""MEDIUM"": 0.1136, ""HARD"": 0.0312}","{""r_acc"": 1.0, ""r_time"": 0.07776569863330042, ""r_prog"": 0.0, ""r_mom"": 0.05827829453479101, ""total"": 1.1360439931680915}"
inconsistent,58,EASY,True,5.52,0.3479,0.6,0.6396,0.6131,1.2989,0.0,0.2211,"{""EASY"": 0.6679, ""MEDIUM"": 0.2737, ""HARD"": 0.0585}","{""EASY"": 0.9667, ""MEDIUM"": 0.0167, ""HARD"": 0.0167}","{""EASY"": 0.8511, ""MEDIUM"": 0.1161, ""HARD"": 0.0328}","{""r_acc"": 1.0, ""r_time"": 0.22272572724323567, ""r_prog"": 0.0, ""r_mom"": 0.07615941559557649, ""total"": 1.2988851428388122}"
inconsistent,59,EASY,True,15.29,0.3666,0.8,0.7414,0.5977,1.1407,0.1947,0.3366,"{""EASY"": 0.612, ""MEDIUM"": 0.3169, ""HARD"": 0.0711}","{""EASY"": 0.9667, ""MEDIUM"": 0.0167, ""HARD"": 0.0167}","{""EASY"": 0.824, ""MEDIUM"": 0.1374, ""HARD"": 0.0386}","{""r_acc"": 1.0, ""r_time"": 0.05367498977307954, ""r_prog"": 0.0, ""r_mom"": 0.0870061661742672, ""total"": 1.1406811559473466}"
inconsistent,60,EASY,True,10.52,0.3849,1.0,0.9353,0.669,1.2245,0.0,0.2165,"{""EASY"": 0.5135, ""MEDIUM"": 0.4213, ""HARD"": 0.0652}","{""EASY"": 0.9667, ""MEDIUM"": 0.0167, ""HARD"": 0.0167}","{""EASY"": 0.8167, ""MEDIUM"": 0.1506, ""HARD"": 0.0327}","{""r_acc"": 1.0, ""r_time"": 0.13135381257366177, ""r_prog"": 0.0, ""r_mom"": 0.09311096086675777, ""total"": 1.2244647734404195}"
inconsistent,61,EASY,False,1.08,0.3555,0.8,0.6939,0.8,-0.2288,0.2429,0.1722,"{""EASY"": 0.5046, ""MEDIUM"": 0.4257, ""HARD"": 0.0697}","{""EASY"": 0.9667, ""MEDIUM"": 0.0167, ""HARD"": 0.0167}","{""EASY"": 0.8742, ""MEDIUM"": 0.0985, ""HARD"": 0.0273}","{""r_acc"": -0.5, ""r_time"": 0.2711515940563332, ""r_prog"": 0.0, ""r_mom"": 0.0, ""total"": -0.2288484059436668}"
inconsistent,62,EASY,True,16.21,0.374,0.8,0.6895,0.6357,1.0786,0.0,0.1618,"{""EASY"": 0.519, ""MEDIUM"": 0.4185, ""HARD"": 0.0625}","{""EASY"": 0.9667, ""MEDIUM"": 0.0167, ""HARD"": 0.0167}","{""EASY"": 0.8036, ""MEDIUM"": 0.1631, ""HARD"": 0.0334}","{""r_acc"": 1.0, ""r_time"": 0.04647781333583756, ""r_prog"": 0.0, ""r_mom"": 0.032151273753163435, ""total"": 1.0786290870890012}"
inconsistent,63,MEDIUM,True,3.33,0.4055,0.8,0.6758,0.6326,1.4043,0.0,0.2358,"{""EASY"": 0.5098, ""MEDIUM"": 0.4231, ""HARD"": 0.067}","{""EASY"": 0.9667, ""MEDIUM"": 0.0167, ""HARD"": 0.0167}","{""EASY"": 0.7988, ""MEDIUM"": 0.166, ""HARD"": 0.0352}","{""r_acc"": 1.0, ""r_time"": 0.24602048981494823, ""r_prog"": 0.1, ""r_mom"": 0.05827829453479101, ""total"": 1.4042987843497394}"
inconsistent,64,EASY,False,13.92,0.3746,0.6,0.5813,0.623,-0.4232,0.1863,0.1254,"{""EASY"": 0.4679, ""MEDIUM"": 0.461, ""HARD"": 0.0711}","{""EASY"": 0.9667, ""MEDIUM"": 0.0167, ""HARD"": 0.0167}","{""EASY"": 0.7787, ""MEDIUM"": 0.1842, ""HARD"": 0.0372}","{""r_acc"": -0.5, ""r_time"": 0.0768425702683283, ""r_prog"": 0.0, ""r_mom"": 0.0, ""total"": -0.4231574297316717}"
inconsistent,65,HARD,False,11.05,0.3708,0.4,0.5821,0.5569,-0.3749,0.2262,0.136,"{""EASY"": 0.6456, ""MEDIUM"": 0.2857, ""HARD"": 0.0687}","{""EASY"": 0.0167, ""MEDIUM"": 0.0167, ""HARD"": 0.9667}","{""EASY"": 0.2953, ""MEDIUM"": 0.1359, ""HARD"": 0.5688}","{""r_acc"": -0.5, ""r_time"": 0.1250787737489454, ""r_prog"": 0.0, ""r_mom"": 0.0, ""total"": -0.3749212262510546}"
inconsistent,66,EASY,False,7.35,0.3425,0.4,0.6233,0.5575,-0.3103,0.0,-0.0465,"{""EASY"": 0.4518, ""MEDIUM"": 0.2456, ""HARD"": 0.3026}","{""EASY"": 0.9667, ""MEDIUM"": 0.0167, ""HARD"": 0.0167}","{""EASY"": 0.7388, ""MEDIUM"": 0.118, ""HARD"": 0.1432}","{""r_acc"": -0.5, ""r_time"": 0.18966772930315415, ""r_prog"": 0.0, ""r_mom"": 0.0, ""total"": -0.3103322706968459}"
inconsistent,67,EASY,False,3.91,0.3166,0.2,0.7048,0.5863,-0.2606,0.0,-0.0143,"{""EASY"": 0.661, ""MEDIUM"": 0.2775, ""HARD"": 0.0614}","{""EASY"": 0.9667, ""MEDIUM"": 0.0167, ""HARD"": 0.0167}","{""EASY"": 0.8402, ""MEDIUM"": 0.1246, ""HARD"": 0.0352}","{""r_acc"": -0.5, ""r_time"": 0.23941668797276167, ""r_prog"": 0.0, ""r_mom"": 0.0, ""total"": -0.26058331202723833}"
inconsistent,68,EASY,True,18.14,0.3361,0.2,0.7168,0.6433,1.0654,0.1833,0.3156,"{""EASY"": 0.674, ""MEDIUM"": 0.2701, ""HARD"": 0.0559}","{""EASY"": 0.9667, ""MEDIUM"": 0.0167, ""HARD"": 0.0167}","{""EASY"": 0.8623, ""MEDIUM"": 0.1071, ""HARD"": 0.0307}","{""r_acc"": 1.0, ""r_time"": 0.03320482660317459, ""r_prog"": 0.0, ""r_mom"": 0.032151273753163435, ""total"": 1.065356100356338}"
inconsistent,69,EASY,False,11.16,0.3108,0.2,0.7162,0.6517,-0.3817,0.0,-0.0458,"{""EASY"": 0.6525, ""MEDIUM"": 0.2853, ""HARD"": 0.0621}","{""EASY"": 0.9667, ""MEDIUM"": 0.0167, ""HARD"": 0.0167}","{""EASY"": 0.8573, ""MEDIUM"": 0.1102, ""HARD"": 0.0325}","{""r_acc"": -0.5, ""r_time"": 0.11830968789976118, ""r_prog"": 0.0, ""r_mom"": 0.0, ""total"": -0.38169031210023885}"
inconsistent,70,MEDIUM,False,20.0,0.2996,0.2,0.7063,0.6513,-0.4786,-0.0684,-0.1299,"{""EASY"": 0.6662, ""MEDIUM"": 0.2773, ""HARD"": 0.0565}","{""EASY"": 0.9667, ""MEDIUM"": 0.0167, ""HARD"": 0.0167}","{""EASY"": 0.8619, ""MEDIUM"": 0.1075, ""HARD"": 0.0306}","{""r_acc"": -0.5, ""r_time"": 0.021389296506598366, ""r_prog"": 0.0, ""r_mom"": 0.0, ""total"": -0.4786107034934016}"
inconsistent,71,MEDIUM,False,14.08,0.2893,0.2,0.7235,0.6444,-0.4207,0.0,-0.0631,"{""EASY"": 0.5162, ""MEDIUM"": 0.4364, ""HARD"": 0.0474}","{""EASY"": 0.0167, ""MEDIUM"": 0.9667, ""HARD"": 0.0167}","{""EASY"": 0.1943, ""MEDIUM"": 0.7781, ""HARD"": 0.0276}","{""r_acc"": -0.5, ""r_time"": 0.07931750159305194, ""r_prog"": 0.0, ""r_mom"": 0.0, ""total"": -0.42068249840694805}"
inconsistent,72,HARD,False,12.3,0.2874,0.2,0.7631,0.6565,-0.3926,-0.0542,-0.0935,"{""EASY"": 0.5211, ""MEDIUM"": 0.4335, ""HARD"": 0.0454}","{""EASY"": 0.0167, ""MEDIUM"": 0.0167, ""HARD"": 0.9667}","{""EASY"": 0.19, ""MEDIUM"": 0.1599, ""HARD"": 0.6502}","{""r_acc"": -0.5, ""r_time"": 0.10744943510592751, ""r_prog"": 0.0, ""r_mom"": 0.0, ""total"": -0.3925505648940725}"
inconsistent,73,EASY,False,4.15,0.2665,0.0,0.9173,0.6842,-0.2655,0.0851,0.0751,"{""EASY"": 0.4895, ""MEDIUM"": 0.22, ""HARD"": 0.2905}","{""EASY"": 0.9667, ""MEDIUM"": 0.0167, ""HARD"": 0.0167}","{""EASY"": 0.816, ""MEDIUM"": 0.0809, ""HARD"": 0.1032}","{""r_acc"": -0.5, ""r_time"": 0.23447736895219282, ""r_prog"": 0.0, ""r_mom"": 0.0, ""total"": -0.26552263104780716}"
inconsistent,74,EASY,True,10.51,0.2866,0.2,0.7239,0.7921,1.1677,0.3156,0.459,"{""EASY"": 0.7005, ""MEDIUM"": 0.2535, ""HARD"": 0.0461}","{""EASY"": 0.9667, ""MEDIUM"": 0.0167, ""HARD"": 0.0167}","{""EASY"": 0.9113, ""MEDIUM"": 0.0659, ""HARD"": 0.0228}","{""r_acc"": 1.0, ""r_time"": 0.1355308169449811, ""r_prog"": 0.0, ""r_mom"": 0.032151273753163435, ""total"": 1.1676820906981447}"
inconsistent,75,EASY,False,14.38,0.2657,0.2,0.7406,0.6567,-0.4254,0.1155,0.0258,"{""EASY"": 0.6896, ""MEDIUM"": 0.2605, ""HARD"": 0.0499}","{""EASY"": 0.9667, ""MEDIUM"": 0.0167, ""HARD"": 0.0167}","{""EASY"": 0.8716, ""MEDIUM"": 0.1004, ""HARD"": 0.0281}","{""r_acc"": -0.5, ""r_time"": 0.074566483503041, ""r_prog"": 0.0, ""r_mom"": 0.0, ""total"": -0.425433516496959}"
inconsistent,76,MEDIUM,False,10.07,0.2576,0.2,0.7415,0.6685,-0.3591,-0.0631,-0.1075,"{""EASY"": 0.6917, ""MEDIUM"": 0.261, ""HARD"": 0.0473}","{""EASY"": 0.0167, ""MEDIUM"": 0.9667, ""HARD"": 0.0167}","{""EASY"": 0.2405, ""MEDIUM"": 0.7327, ""HARD"": 0.0268}","{""r_acc"": -0.5, ""r_time"": 0.14089780727622633, ""r_prog"": 0.0, ""r_mom"": 0.0, ""total"": -0.35910219272377364}"
inconsistent,77,HARD,False,4.27,0.2562,0.2,0.7171,0.669,-0.2648,0.0,-0.0397,"{""EASY"": 0.5362, ""MEDIUM"": 0.4243, ""HARD"": 0.0395}","{""EASY"": 0.0167, ""MEDIUM"": 0.0167, ""HARD"": 0.9667}","{""EASY"": 0.1886, ""MEDIUM"": 0.1516, ""HARD"": 0.6598}","{""r_acc"": -0.5, ""r_time"": 0.23523629018446565, ""r_prog"": 0.0, ""r_mom"": 0.0, ""total"": -0.2647637098155343}"
inconsistent,78,EASY,True,6.36,0.2764,0.4,0.635,0.652,1.2361,0.0,0.2309,"{""EASY"": 0.5045, ""MEDIUM"": 0.2088, ""HARD"": 0.2866}","{""EASY"": 0.9667, ""MEDIUM"": 0.0167, ""HARD"": 0.0167}","{""EASY"": 0.8058, ""MEDIUM"": 0.0835, ""HARD"": 0.1106}","{""r_acc"": 1.0, ""r_time"": 0.20394091589811286, ""r_prog"": 0.0, ""r_mom"": 0.032151273753163435, ""total"": 1.2360921896512764}"
inconsistent,79,EASY,True,4.02,0.2965,0.4,0.6114,0.5945,1.2928,0.3366,0.5255,"{""EASY"": 0.6951, ""MEDIUM"": 0.257, ""HARD"": 0.0479}","{""EASY"": 0.9667, ""MEDIUM"": 0.0167, ""HARD"": 0.0167}","{""EASY"": 0.8565, ""MEDIUM"": 0.1141, ""HARD"": 0.0293}","{""r_acc"": 1.0, ""r_time"": 0.23452704687505613, ""r_prog"": 0.0, ""r_mom"": 0.05827829453479101, ""total"": 1.2928053414098473}"
inconsistent,80,EASY,True,18.42,0.3163,0.6,0.5879,0.578,1.1095,0.5255,0.6429,"{""EASY"": 0.6844, ""MEDIUM"": 0.2638, ""HARD"": 0.0518}","{""EASY"": 0.9667, ""MEDIUM"": 0.0167, ""HARD"": 0.0167}","{""EASY"": 0.8475, ""MEDIUM"": 0.1209, ""HARD"": 0.0315}","{""r_acc"": 1.0, ""r_time"": 0.033369105980722284, ""r_prog"": 0.0, ""r_mom"": 0.07615941559557649, ""total"": 1.1095285215762987}"
inconsistent,81,EASY,True,7.57,0.3357,0.8,0.6773,0.5615,1.274,0.2211,0.379,"{""EASY"": 0.6322, ""MEDIUM"": 0.3047, ""HARD"": 0.063}","{""EASY"": 0.9667, ""MEDIUM"": 0.0167, ""HARD"": 0.0167}","{""EASY"": 0.82, ""MEDIUM"": 0.143, ""HARD"": 0.037}","{""r_acc"": 1.0, ""r_time"": 0.18697643302739053, ""r_prog"": 0.0, ""r_mom"": 0.0870061661742672, ""total"": 1.2739825992016576}"
inconsistent,82,EASY,True,4.16,0.3548,1.0,0.8686,0.6241,1.3281,0.0,0.1992,"{""EASY"": 0.5288, ""MEDIUM"": 0.4132, ""HARD"": 0.058}","{""EASY"": 0.9667, ""MEDIUM"": 0.0167, ""HARD"": 0.0167}","{""EASY"": 0.8021, ""MEDIUM"": 0.1657, ""HARD"": 0.0322}","{""r_acc"": 1.0, ""r_time"": 0.23499963844709998, ""r_prog"": 0.0, ""r_mom"": 0.09311096086675777, ""total"": 1.3281105993138578}"
inconsistent,83,EASY,True,4.88,0.3733,1.0,0.8603,0.758,1.3206,0.0,0.1981,"{""EASY"": 0.5193, ""MEDIUM"": 0.4183, ""HARD"": 0.0624}","{""EASY"": 0.9667, ""MEDIUM"": 0.0167, ""HARD"": 0.0167}","{""EASY"": 0.8584, ""MEDIUM"": 0.1139, ""HARD"": 0.0277}","{""r_acc"": 1.0, ""r_time"": 0.2242188351009052, ""r_prog"": 0.0, ""r_mom"": 0.09640275800758169, ""total"": 1.3206215931084868}"
inconsistent,84,EASY,False,2.39,0.3449,0.8,0.6553,0.7522,-0.2498,0.1981,0.1528,"{""EASY"": 0.5102, ""MEDIUM"": 0.423, ""HARD"": 0.0668}","{""EASY"": 0.9667, ""MEDIUM"": 0.0167, ""HARD"": 0.0167}","{""EASY"": 0.8535, ""MEDIUM"": 0.1174, ""HARD"": 0.0291}","{""r_acc"": -0.5, ""r_time"": 0.25023851910199074, ""r_prog"": 0.0, ""r_mom"": 0.0, ""total"": -0.24976148089800926}"
inconsistent,85,MEDIUM,True,10.85,0.377,0.8,0.709,0.6087,1.2623,0.0,0.2126,"{""EASY"": 0.5242, ""MEDIUM"": 0.4157, ""HARD"": 0.0601}","{""EASY"": 0.9667, ""MEDIUM"": 0.0167, ""HARD"": 0.0167}","{""EASY"": 0.7935, ""MEDIUM"": 0.1728, ""HARD"": 0.0336}","{""r_acc"": 1.0, ""r_time"": 0.13015388260182845, ""r_prog"": 0.1, ""r_mom"": 0.032151273753163435, ""total"": 1.262305156354992}"
inconsistent,86,EASY,True,16.44,0.395,0.8,0.6738,0.6463,1.1133,0.1722,0.3452,"{""EASY"": 0.4807, ""MEDIUM"": 0.4553, ""HARD"": 0.0641}","{""EASY"": 0.9667, ""MEDIUM"": 0.0167, ""HARD"": 0.0167}","{""EASY"": 0.7948, ""MEDIUM"": 0.1718, ""HARD"": 0.0334}","{""r_acc"": 1.0, ""r_time"": 0.05504843054182744, ""r_prog"": 0.0, ""r_mom"": 0.05827829453479101, ""total"": 1.1133267250766186}"
inconsistent,87,HARD,False,10.71,0.3905,0.6,0.6027,0.6217,-0.3621,0.0,-0.0303,"{""EASY"": 0.6361, ""MEDIUM"": 0.2902, ""HARD"": 0.0737}","{""EASY"": 0.0167, ""MEDIUM"": 0.9667, ""HARD"": 0.0167}","{""EASY"": 0.251, ""MEDIUM"": 0.7107, ""HARD"": 0.0382}","{""r_acc"": -0.5, ""r_time"": 0.1378959169403732, ""r_prog"": 0.0, ""r_mom"": 0.0, ""total"": -0.3621040830596268}"
inconsistent,88,EASY,False,7.23,0.3607,0.4,0.6148,0.5719,-0.305,0.1782,0.1058,"{""EASY"": 0.4434, ""MEDIUM"": 0.2507, ""HARD"": 0.3059}","{""EASY"": 0.9667, ""MEDIUM"": 0.0167, ""HARD"": 0.0167}","{""EASY"": 0.7427, ""MEDIUM"": 0.1169, ""HARD"": 0.1405}","{""r_acc"": -0.5, ""r_time"": 0.19502461661058376, ""r_prog"": 0.0, ""r_mom"": 0.0, ""total"": -0.3049753833894162}"
inconsistent,89,MEDIUM,False,8.1,0.346,0.4,0.6517,0.5804,-0.3186,0.0,-0.0478,"{""EASY"": 0.6522, ""MEDIUM"": 0.2823, ""HARD"": 0.0655}","{""EASY"": 0.9667, ""MEDIUM"": 0.0167, ""HARD"": 0.0167}","{""EASY"": 0.8347, ""MEDIUM"": 0.1281, ""HARD"": 0.0372}","{""r_acc"": -0.5, ""r_time"": 0.1813699265288957, ""r_prog"": 0.0, ""r_mom"": 0.0, ""total"": -0.3186300734711043}"
inconsistent,90,EASY,False,11.2,0.3198,0.2,0.7479,0.6062,-0.3691,-0.0143,-0.0574,"{""EASY"": 0.4948, ""MEDIUM"": 0.4482, ""HARD"": 0.057}","{""EASY"": 0.0167, ""MEDIUM"": 0.0167, ""HARD"": 0.9667}","{""EASY"": 0.205, ""MEDIUM"": 0.1866, ""HARD"": 0.6084}","{""r_acc"": -0.5, ""r_time"": 0.13092774826502013, ""r_prog"": 0.0, ""r_mom"": 0.0, ""total"": -0.3690722517349799}"
inconsistent,91,EASY,False,12.64,0.2959,0.0,0.9598,0.6736,-0.3905,0.0751,0.0154,"{""EASY"": 0.6723, ""MEDIUM"": 0.2711, ""HARD"": 0.0566}","{""EASY"": 0.9667, ""MEDIUM"": 0.0167, ""HARD"": 0.0167}","{""EASY"": 0.8706, ""MEDIUM"": 0.0997, ""HARD"": 0.0297}","{""r_acc"": -0.5, ""r_time"": 0.10953681172677442, ""r_prog"": 0.0, ""r_mom"": 0.0, ""total"": -0.39046318827322557}"
inconsistent,92,EASY,False,4.99,0.2742,0.0,0.9377,0.8,-0.2709,0.0154,0.0344,"{""EASY"": 0.6847, ""MEDIUM"": 0.2636, ""HARD"": 0.0517}","{""EASY"": 0.9667, ""MEDIUM"": 0.0167, ""HARD"": 0.0167}","{""EASY"": 0.9103, ""MEDIUM"": 0.0661, ""HARD"": 0.0237}","{""r_acc"": -0.5, ""r_time"": 0.22908689390076475, ""r_prog"": 0.0, ""r_mom"": 0.0, ""total"": -0.27091310609923525}"
inconsistent,93,EASY,False,12.95,0.2545,0.0,0.9394,0.8,-0.3965,0.459,0.3181,"{""EASY"": 0.6868, ""MEDIUM"": 0.2643, ""HARD"": 0.049}","{""EASY"": 0.9667, ""MEDIUM"": 0.0167, ""HARD"": 0.0167}","{""EASY"": 0.9107, ""MEDIUM"": 0.0662, ""HARD"": 0.0231}","{""r_acc"": -0.5, ""r_time"": 0.10350321029580364, ""r_prog"": 0.0, ""r_mom"": 0.0, ""total"": -0.39649678970419633}"
inconsistent,94,HARD,False,9.62,0.2532,0.0,0.9437,0.8,-0.3407,-0.0935,-0.1259,"{""EASY"": 0.6983, ""MEDIUM"": 0.2566, ""HARD"": 0.0452}","{""EASY"": 0.0167, ""MEDIUM"": 0.0167, ""HARD"": 0.9667}","{""EASY"": 0.153, ""MEDIUM"": 0.0646, ""HARD"": 0.7824}","{""r_acc"": -0.5, ""r_time"": 0.15932041822006154, ""r_prog"": 0.0, ""r_mom"": 0.0, ""total"": -0.34067958177993846}"
inconsistent,95,EASY,False,14.35,0.2355,0.0,0.9389,0.8,-0.4162,0.0344,-0.0477,"{""EASY"": 0.5061, ""MEDIUM"": 0.2077, ""HARD"": 0.2863}","{""EASY"": 0.9667, ""MEDIUM"": 0.0167, ""HARD"": 0.0167}","{""EASY"": 0.8745, ""MEDIUM"": 0.0549, ""HARD"": 0.0706}","{""r_acc"": -0.5, ""r_time"": 0.0837667495011417, ""r_prog"": 0.0, ""r_mom"": 0.0, ""total"": -0.4162332504988583}"
inconsistent,96,MEDIUM,False,9.53,0.2291,0.0,0.9369,0.8,-0.339,-0.1075,-0.1487,"{""EASY"": 0.7179, ""MEDIUM"": 0.2417, ""HARD"": 0.0404}","{""EASY"": 0.0167, ""MEDIUM"": 0.9667, ""HARD"": 0.0167}","{""EASY"": 0.1569, ""MEDIUM"": 0.8217, ""HARD"": 0.0214}","{""r_acc"": -0.5, ""r_time"": 0.16097364407584216, ""r_prog"": 0.0, ""r_mom"": 0.0, ""total"": -0.33902635592415786}"
inconsistent,97,EASY,False,12.06,0.2137,0.0,0.9678,0.8,-0.3835,-0.0477,-0.1045,"{""EASY"": 0.55, ""MEDIUM"": 0.4153, ""HARD"": 0.0347}","{""EASY"": 0.9667, ""MEDIUM"": 0.0167, ""HARD"": 0.0167}","{""EASY"": 0.8833, ""MEDIUM"": 0.0964, ""HARD"": 0.0203}","{""r_acc"": -0.5, ""r_time"": 0.11647403537791162, ""r_prog"": 0.0, ""r_mom"": 0.0, ""total"": -0.3835259646220884}"
inconsistent,98,HARD,False,15.19,0.2129,0.0,0.9615,0.8,-0.4284,-0.096,-0.1607,"{""EASY"": 0.7307, ""MEDIUM"": 0.2326, ""HARD"": 0.0367}","{""EASY"": 0.0167, ""MEDIUM"": 0.0167, ""HARD"": 0.9667}","{""EASY"": 0.1595, ""MEDIUM"": 0.0599, ""HARD"": 0.7807}","{""r_acc"": -0.5, ""r_time"": 0.07156323695461045, ""r_prog"": 0.0, ""r_mom"": 0.0, ""total"": -0.4284367630453896}"
inconsistent,99,EASY,False,9.45,0.1991,0.0,0.9608,0.8,-0.3379,-0.1097,-0.144,"{""EASY"": 0.5264, ""MEDIUM"": 0.1919, ""HARD"": 0.2816}","{""EASY"": 0.9667, ""MEDIUM"": 0.0167, ""HARD"": 0.0167}","{""EASY"": 0.8786, ""MEDIUM"": 0.0517, ""HARD"": 0.0697}","{""r_acc"": -0.5, ""r_time"": 0.16213616848564386, ""r_prog"": 0.0, ""r_mom"": 0.0, ""total"": -0.33786383151435617}"
